1.795687209703e+01,1.557629314377e+03,1.191593706587e+00,1.059354827371e+00
2.130828207997e+01,6.280450163972e+00,4.313743212531e+00,6.778639516808e-01
8.074324371999e+00,1.376647756043e+01,5.395858139634e+00,1.714478952167e+00
1.297989473809e+01,4.867831522659e+02,5.925344705414e+00,5.694601436715e-02
1.005608066231e+01,7.591796600994e+01,3.499591180100e+00,1.580624383805e+00
1.329344158925e+01,1.433800118063e+01,5.442599619085e+00,2.059967755583e+00
1.598119686831e+01,3.039828254700e+02,6.559936708474e+00,2.433181994385e+00
8.019752016960e+00,6.636765303417e+02,6.347893371335e+00,1.327831568538e+00
1.751599638426e+01,2.544849467249e+02,4.261188483667e+00,7.035670737033e+00
1.294124117531e+01,4.172896088332e+01,3.111126346494e+00,5.715432363823e-01
8.395674053570e+00,1.255555201909e+02,3.382785747498e+00,2.547223218968e+00
6.860363430464e+00,2.309756725205e+01,3.602556733924e+00,1.492376678329e-01
1.198756859436e+01,7.291323418733e+02,4.774540736589e+00,2.040359233136e+00
1.023257260627e+01,1.060632463207e+02,6.744002871928e+00,2.069532828154e+00
2.192776960677e+00,3.222072153583e+04,4.782083103137e+00,6.672152814421e-01
2.047811722497e+00,4.402685533296e+03,2.947037126100e+00,1.264556773419e-01
4.145903113280e+00,2.770516065890e+03,4.071491526247e+00,2.445743569906e-01
1.095691151562e+01,1.170073393589e+03,3.417679816672e+00,9.907009151410e-01
4.793233261700e+00,5.229747286285e+00,2.265783599310e+00,1.136367872857e+00
9.736545700163e+00,1.402672480984e+02,5.936010308578e+00,1.257387190111e+00
8.856756619274e+00,1.214581912117e+01,3.939775252170e+00,1.415186504172e+00
1.501903035287e+01,4.192575194384e+02,1.274801051641e+00,1.045166065833e+00
4.791445332649e+00,1.252424834363e+02,3.251323101192e+00,9.897005070579e-02
2.085908242474e+01,6.233710785994e+00,3.552740895739e+00,3.017575414439e+00
8.308380519970e+00,4.879694567900e+02,5.567490921978e+00,7.893749591701e-03
6.063481987072e+00,4.088697382669e+02,3.572088730466e+00,1.372758985109e+00
1.354421703258e+01,1.468884772442e+03,1.862023454486e+00,4.631724639929e-01
1.096983511025e+01,2.393897881803e+01,4.033245645128e+00,1.956591777806e+00
1.861754242224e+01,5.638027380419e+02,6.888404730435e+00,2.257384200581e+00
4.570514576859e+00,9.248966030470e+01,3.372720994934e+00,4.577458074220e+00
1.387412330945e+01,4.116978834011e+02,2.052083483869e+00,3.104430834252e-01
8.513211896138e+00,4.214056880511e+02,4.870755495055e+00,1.950916763356e+00
7.710132761672e+00,3.409588551371e+01,6.039861335245e+00,4.128871427675e-01
1.288919579847e+01,5.782924735251e+02,4.283638066044e+00,6.034722384925e-01
1.573580557665e+01,1.165973487372e+03,1.500605512553e+00,2.851169436115e+00
1.063546050098e+01,3.006255767185e+03,1.319362154813e+00,7.855213412138e-01
1.147003240042e+01,2.851684064877e+04,2.188623287779e+00,3.427730472308e+00
1.199123308327e+01,6.536364138827e+01,2.104238449346e+00,7.123520790113e-01
1.130674260081e+01,2.280056124010e+02,3.160067160130e+00,6.046014700617e+00
6.810842838304e+00,1.575831409238e+02,3.539761507599e+00,1.336616607907e+00
7.984423461350e+00,1.820657417580e+03,2.083216136035e+00,3.155527924135e+00
-5.383506863659e+00,2.522405655332e+01,1.059893485132e+00,4.113106062172e+00
1.345555942967e+01,1.195442504101e+01,4.786684084211e+00,1.025707672030e+01
1.014494160802e+01,2.420673773981e+02,4.211545306464e+00,5.450170995556e+00
1.262056290643e+01,2.596616903365e+01,4.677552660522e+00,1.217103322804e+01
9.934918668456e+00,1.048940378344e+02,1.800631172234e+00,1.147329079501e+00
1.467081872908e+01,3.722875692914e+02,6.832770067486e+00,8.658807285080e-01
1.568668733452e+01,1.230183299078e+02,2.725575371591e+00,2.194773999021e+00
3.745363959641e+00,2.946066538441e+02,3.205886326993e+00,5.152366123972e-01
4.864279296217e+00,2.548133800661e+03,4.089131796491e+00,5.754748716061e+00
8.387942911980e+00,1.390123559712e+01,2.566365866910e+00,5.017651182414e-01
9.817659670753e+00,2.491190753166e+00,5.079618884906e+00,2.887830221251e-01
1.453905478298e+01,2.770513914963e+02,6.228573615386e+00,1.775091021348e+00
6.852016651353e+00,1.444440776458e+02,1.674843659419e+00,2.767404931813e+00
4.182583507954e+00,2.509330124241e+02,6.089649456523e+00,1.467703160834e+00
1.620304750952e+01,8.549342648152e+02,2.958484949923e+00,2.064086921185e+00
5.904955056528e+00,3.803032410832e+01,1.553269722197e+00,7.524691104731e-02
1.140644059476e+01,4.096423500033e+02,4.432318390921e+00,3.126417600633e+00
1.063125428410e+01,4.430968096160e+01,1.718981047857e+00,1.512244758318e+00
1.731811725832e+01,6.388394086777e+01,3.593620171345e+00,2.069085283839e-01
8.982294035143e+00,1.628317653625e+02,3.113645179136e+00,3.360127563246e-01
2.138018055020e+01,6.339309960140e+02,2.092270611909e+00,1.436243853032e+00
1.585510669451e+01,4.417782576693e+01,2.230502421904e+00,8.143751364236e-01
1.324659294063e+01,2.881330616122e+02,1.985305355394e+00,2.698904675740e-01
1.361877513302e+01,7.075430315749e+01,4.070332632441e+00,3.797726552455e+00
1.757008895965e+01,4.005548963385e+01,4.413820504235e+00,1.194674838499e+00
-1.145061259564e+00,7.936157939983e-01,2.775290230467e+00,1.360271381082e+00
6.749129865415e+00,1.990115303580e+02,3.738386935234e+00,1.334150380438e+00
2.811010536957e+00,1.378175868590e+02,2.338465912446e+00,9.256282070546e-01
1.698972391325e+01,2.827428376919e+00,4.072516007494e+00,3.759222856830e+00
1.035081893394e+01,6.376012893819e+01,2.770333439420e+00,2.314033198460e+00
1.440034923959e+01,4.890325916796e+02,3.185862538187e+00,1.277251306741e+00
1.387862045761e+01,6.264744367914e+00,5.836551390576e+00,3.957379444746e-01
7.805324604744e+00,2.568965894712e+02,6.834820858764e+00,1.610435308682e+00
1.101794522008e+01,5.286742509604e-01,1.391331326533e+00,4.321556172664e+00
1.184326367751e+01,1.346921952223e+01,1.887196503652e+00,8.939269177047e-01
1.265886673142e+01,5.412206970928e+02,3.600140964514e+00,6.971403606809e-01
9.816422497996e+00,1.115750662058e+04,1.882453492646e+00,4.938960620352e-02
1.445833076995e+01,2.882643677190e+01,1.682717461739e+00,7.624649504360e+00
1.059605579268e+01,2.649977922642e+01,6.762017166154e+00,1.789368863566e-01
1.260434782925e+01,7.949707354221e+01,3.309651149915e+00,9.887536458898e-01
1.036197912362e+01,3.776756834710e+02,1.084202125716e+00,5.033724678657e+00
1.636024920782e+01,2.611361805444e+03,6.282811850691e+00,4.086524958469e+00
1.490600539536e+01,3.042595275517e+02,3.372638095313e+00,1.770229486876e+00
6.839349245129e+00,8.773142959522e+00,3.284759116637e+00,3.487916575052e+00
9.815604848475e+00,2.631836461716e+03,3.991771747425e+00,5.415537011751e+00
1.492153215892e+01,1.186308650599e+02,1.457958885419e+00,1.117384835779e+00
2.051629245074e+01,5.424826736772e+02,4.280372750802e+00,2.228037849852e-01
4.540186669287e+00,1.633879399656e+02,4.404487599584e+00,1.218418010921e+00
1.533147094098e+01,1.073753679967e+02,1.611887990933e+00,8.053083577916e-01
-1.164176384626e-01,1.147951059839e+02,6.105090364116e+00,5.587218750100e+00
1.951938375817e+01,5.730161847921e+02,2.431361279802e+00,2.006086747592e+00
5.979484393831e+00,7.589514145998e+01,2.405346566414e+00,9.381032698312e-01
1.438776163166e+01,2.127704687371e+02,6.776582687577e+00,7.884229372024e-01
1.724598356906e+01,6.002996540146e+01,1.046029545486e+00,4.550986141330e-01
6.033368027967e+00,2.264202915992e+02,3.986745931062e+00,1.855582429323e+00
7.164962702556e+00,3.742805252441e+00,5.967742443749e+00,7.860118689486e-02
1.746893984166e+01,2.142638378749e+02,6.641449745092e+00,1.746496164963e+00
2.219900438709e+01,5.000692550075e+01,4.107933490538e+00,2.625276093513e+00
1.795252147929e+01,5.620042069984e+02,1.705831158079e+00,9.333024579616e-01
1.031947088616e+01,5.390189797630e+00,3.607558577119e+00,4.006709509319e+00
5.544530291287e+00,3.663821022506e+03,6.479709091830e+00,1.695502507529e-01
1.173447644582e+01,8.938581221174e+01,2.381861426117e+00,2.403885256422e+00
1.224245596220e+01,1.643595174738e+02,6.428303901897e+00,3.485007859521e-02
5.153386675942e+00,5.979362650110e+01,1.023167085570e+00,8.875051847834e-01
1.298517786804e+01,1.217511269556e+03,5.301212446420e+00,4.643728638534e-01
9.127402915929e-01,5.538826497873e+01,5.123770708659e+00,1.737760469367e+00
1.408719791751e+01,5.451347088798e+03,3.381764725974e+00,3.337772501650e+00
9.358119102543e+00,1.177485359212e+02,4.252389691154e+00,5.884032155137e-01
2.346650489089e+00,1.351226334041e+01,3.867739490730e+00,3.564639716956e+00
2.343958223260e+01,7.612216473727e+01,3.840247486431e+00,8.377306340462e-01
1.593979947371e+00,1.623741494119e+00,3.563060717721e+00,3.865724765843e+00
9.325721525946e+00,1.550162327482e+03,2.782211122918e+00,4.477635192806e-01
3.256956986888e+00,9.611920090994e+01,1.424625527556e+00,3.355976323829e-01
1.898799958769e+00,1.759462814920e+02,5.705514566734e+00,3.715850042863e-02
1.017055987291e+01,1.319591411416e+02,5.171319999282e+00,9.632389645989e-02
1.043692340681e+01,9.507432090661e+01,2.195779109382e+00,5.185215668387e-01
1.690056223447e+01,8.617475740015e+00,5.616772818022e+00,7.244798316383e-01
1.195961187167e+01,8.887131108382e+01,1.118514928559e+00,3.391320586177e+00
6.296445230631e+00,1.575364465727e+00,5.085667562016e+00,5.998168366135e-01
9.706154503225e+00,6.195922326682e+01,2.647244075880e+00,4.480838162861e+00
1.767585009974e+01,1.656400633487e+02,3.808761545827e+00,3.781926148187e+00
1.042353218851e+01,1.879788939721e+01,6.483649480840e+00,1.167353030971e+00
1.800437918757e+01,3.835312947557e+01,1.421851202794e+00,1.258021404243e+00
8.549119562554e+00,5.885928033495e+01,3.082072197708e+00,2.483031128005e+00
1.426860280098e+01,5.819900146094e+03,4.055970291718e+00,3.694207080819e+00
4.763737587289e+00,2.897589430547e+02,5.776030657359e+00,3.048656043726e+00
4.663321642318e+00,1.427691977239e+02,1.810478774264e+00,8.759636413148e-01
7.818344492560e+00,8.512843360814e+00,1.914231446012e+00,2.339066663120e+00
9.483839605297e+00,3.723007470096e+01,6.893941951244e+00,1.442746639050e+00
1.567003241383e+01,1.303625903312e+02,1.162760326811e+00,1.164446047662e+00
1.083944622950e+00,2.964601342229e+01,6.340474160587e+00,2.045944161866e+00
1.914203212924e+01,7.967151700893e+00,5.169212129213e+00,2.130927499736e+00
1.406523044057e+00,7.261418386934e+02,1.270503941175e+00,1.723212958109e-01
1.097128205857e+01,5.023473469508e+01,6.047830963255e+00,2.152617839006e+00
1.232702400405e+01,9.676997916797e+01,4.978504786396e+00,3.376850470583e-01
1.157027915633e+01,6.363186696917e+01,6.873614330796e+00,2.399071772906e-02
9.457705246874e+00,5.557688891590e+00,2.236325222872e+00,3.319334277508e-01
8.451569070688e+00,3.760393460813e+00,6.750910043994e+00,3.185431981232e+00
5.339870695097e+00,7.110029003376e+02,4.261765638382e+00,2.472863769221e-01
7.781341891617e+00,4.714643789471e+02,4.991160776210e+00,2.840795871998e+00
1.987807480558e+01,6.982727363458e+02,5.208980001168e+00,1.920037484168e+00
3.947534472166e+00,3.713099618159e+01,4.268637873787e+00,8.710832207508e-03
3.233015561593e+00,2.221298864228e+01,6.631400721610e+00,5.986009624901e-01
3.417205218298e+00,2.361941187627e+01,5.234000329952e+00,1.454077393415e+00
1.296235153311e+01,8.887280856251e+00,4.127545956177e+00,1.470123437090e+00
1.259616840604e+01,3.493510856214e+01,4.072480071746e+00,3.154349917144e+00
1.494562602853e+01,1.752656867221e+02,2.719074671721e+00,6.736356888587e-01
6.551870534206e+00,1.117724088755e+03,5.767691005468e+00,4.903704694122e+00
1.101610123967e+01,4.798901812549e+02,2.021379502492e+00,2.277604031148e+00
1.154673689255e+01,4.133136460920e+02,2.346456851991e+00,4.279008749174e-01
9.818288457207e+00,2.235578627630e+00,5.707767947791e+00,1.692564401929e+00
1.062225324485e+01,4.737825281742e+01,4.723111893283e+00,1.442632839012e+00
9.464625647428e+00,7.777498813901e+01,1.825628994738e+00,7.714492877683e-01
1.408218584096e+01,1.359212468930e+03,4.439699262599e+00,6.046097537165e+00
8.880469712724e+00,1.088651557876e+03,6.043280070370e+00,6.829912890235e+00
1.437290599383e+01,9.441884372345e+02,4.903853385544e+00,4.257163248260e-01
1.067691846883e+01,9.879012188908e+01,3.506482064786e+00,6.093187151911e+00
3.941393030891e+00,1.255750112154e+02,4.532193954281e+00,1.606377763283e+00
4.817280840336e+00,1.714464720571e+02,5.707203636257e+00,1.885680204703e+00
5.396089646215e+00,5.713340486058e+02,4.208425815650e+00,1.521397958788e+00
7.426924274903e+00,4.844556181379e+03,3.813208637603e+00,1.230111948024e+00
1.013616647528e+01,2.208164578162e+02,5.153219601461e+00,2.066280493142e+00
1.585257232433e+01,1.051438257592e+03,4.563655085009e+00,4.468137352593e+00
1.144098903228e+01,1.463873285277e+02,3.925439144894e+00,1.107620658695e+00
1.591668970564e+01,1.466726737035e+02,2.742072552994e+00,1.762952631644e+00
1.125025268324e+01,6.220087469047e+03,1.161247140950e+00,7.090798891720e-01
1.265083625773e+01,1.619521507660e+04,2.088371065308e+00,9.964499938797e-02
1.834895727682e+00,2.469495548910e+01,4.732633877007e+00,6.804555200972e-01
1.258938221161e+01,4.123341632742e+03,6.553935555727e+00,2.794326749160e+00
9.384102226707e+00,1.268999507086e+02,6.990805049142e+00,1.166007533844e+00
9.469852959356e+00,9.579262013343e+02,1.858295502984e+00,8.869161962161e+00
1.265340206075e+01,1.224146637391e+01,4.268972616177e+00,2.878300760062e+00
6.981622304426e+00,2.538078875038e+02,3.995787774554e+00,1.448628851175e-01
8.165085372594e+00,1.054027858568e+04,2.660575988592e+00,9.257168264475e-01
1.638394445201e+01,1.512004540390e+02,2.951106986705e+00,4.052866017788e+00
8.764812852951e+00,1.375446587118e+02,6.504527082104e+00,1.936181458694e+00
1.219063897026e+01,7.830462013822e+00,1.840630119188e+00,1.131628056386e+00
4.619342137515e+00,1.127160789398e+02,3.095393579662e+00,1.167237676354e+00
1.364373827996e+01,4.694913431470e+03,1.684587356451e+00,3.300623290010e-02
9.583755418421e+00,4.802443164157e+01,6.576896145153e+00,8.851070533491e-01
1.820677953365e+00,6.006799650277e+01,1.759753431995e+00,5.205287229530e+00
8.134717758136e+00,4.606973479650e+03,6.946790521268e+00,1.644126392642e-01
1.157825108903e+01,1.332699371099e+03,3.345386605717e+00,4.106232431697e+00
1.351726969947e+01,1.839207460694e+03,6.543917867792e+00,1.207366515892e+00
1.027485125013e+01,2.200510238151e+02,3.347709356794e+00,2.492562234214e-01
1.127310990023e+01,1.123365503195e+02,3.981602581445e+00,3.093123350789e+00
1.334617456305e+01,2.084892466508e+01,4.890689297999e+00,8.126095541366e-02
1.230608544592e+01,2.969291999599e+04,4.040910074023e+00,1.328415696175e+00
1.483569440445e+01,1.055452038239e+02,2.081145657635e+00,1.852502408309e+00
1.175919432271e+01,1.042842548493e+01,1.036708973115e+00,5.054474644400e+00
1.206478217437e+01,1.166010584798e+03,1.781424670032e+00,1.873674474589e+00
9.937750561475e+00,9.428411617985e+01,6.770403201087e+00,4.997473271554e-02
9.098967157186e+00,1.511909135299e+03,5.568135648179e+00,3.462175165512e-01
5.191722241873e+00,9.609990205638e-01,2.917287140350e+00,3.873490356560e+00
1.556262051224e+01,2.274735107336e+01,5.608116310055e+00,4.574353591524e+00
8.865211842941e+00,3.032695536913e+01,6.096955665055e+00,7.929034792923e+00
7.432811805653e-03,3.326613467672e+00,6.615211012262e+00,1.817738105371e+00
9.001782946211e+00,1.300995301116e+02,3.147067635259e+00,4.843918634339e-01
1.237106805112e+01,2.521296407304e+01,6.118633070424e+00,1.186079563191e+00
3.688345993208e+00,9.363747763741e+00,5.789067743737e+00,4.317984787554e-01
1.216929805708e+01,1.113254947271e+02,1.169443035409e+00,4.366103494914e-01
8.601291585217e+00,4.454569714193e+01,5.051276914161e+00,3.698229604408e+00
8.605106745399e+00,1.541086890572e+02,2.815516951409e+00,6.237682898537e+00
8.551842671563e+00,2.317443031816e+02,1.981151523882e+00,1.051816560362e+01
1.297408320517e+01,3.977892461825e+01,2.719196529701e+00,3.705401839385e+00
4.420674866888e+00,3.911123374094e+02,2.258948612982e+00,1.180642091924e-01
1.842940769939e+01,1.781452701464e+01,6.019186059325e+00,7.468061925986e-01
8.991001366151e+00,2.151109208978e+03,1.117336384621e+00,3.502611405797e-01
1.268801998355e+01,3.516447179663e+03,2.561737995112e+00,1.368587948994e-01
1.243664796868e+01,1.775487089914e+02,2.098620186674e+00,3.532912318950e+00
6.343462798530e+00,2.911559851749e+02,1.647100236591e+00,6.414469346453e-01
7.893645350828e+00,9.953062615929e+02,2.136999658521e+00,7.267673042624e-01
7.078712333791e+00,5.168861863603e+02,3.152735573086e+00,1.300935988666e+00
1.153238463972e+01,1.247188827094e+02,4.568081373886e+00,9.286021050954e+00
1.244813093822e+01,1.529511625828e+03,1.792527585461e+00,6.377748573998e-01
1.653096595147e+01,2.285298733998e+03,4.607067344376e+00,7.349563444679e-01
1.490187429445e+01,1.632748430562e+02,6.750366138623e+00,1.012854195145e+00
1.386223110974e+01,1.502387638641e+02,2.947619418070e+00,1.779169346408e+00
2.435251100031e+01,3.493625560446e+02,3.887801386332e+00,9.728924736285e-01
2.114530199907e+00,4.061377766899e+02,6.316337058178e+00,2.917087995033e+00
-1.394478477107e+00,2.601995006393e+02,1.031472696324e+00,8.969653310609e-01
3.261044920456e+00,5.109012145868e+02,5.758336120913e+00,3.743071974134e-01
1.024985957685e+01,4.063702492582e+02,4.445799474576e+00,4.880204175185e-01
1.694271496637e+01,3.966168398738e+02,5.243687166997e+00,1.963255107906e+00
1.545133091476e+01,7.958760079256e+01,5.111920533501e+00,3.287812473029e+00
1.151412360822e+01,3.064437430480e+02,5.058975630828e+00,1.826457949608e+00
1.519576598980e+01,1.151564478489e+02,3.868593433822e+00,1.279342941364e+00
1.009140060600e+01,3.503380008607e+01,3.612576837667e+00,6.171540565563e+00
8.994160801190e+00,1.020809598366e+02,6.098515884560e+00,2.784134209480e+00
9.846795300812e+00,1.985916426465e+02,3.388507586597e+00,5.187060801882e+00
1.295630212824e+01,2.224169818434e+01,3.286100276969e+00,2.764823641403e-01
1.223639332524e+01,8.143323747303e+01,5.742456443491e+00,7.095657470968e-01
3.591110270457e+00,5.577503457193e+02,4.966309579037e+00,9.518974503846e-01
6.332260558528e+00,1.255611239492e+02,4.480647053827e+00,1.782174514136e+00
1.014590710964e+01,2.212547395059e+02,6.281005438970e+00,1.962976701153e+00
5.011467938218e+00,4.129620549889e+02,1.798271220871e+00,1.732726287449e+00
6.795036350865e+00,4.200619031738e+02,2.152558285824e+00,3.244815965328e-01
1.148955335905e+01,1.066031666691e+01,2.489091523176e+00,8.841560807557e-01
5.588457503761e+00,8.960607451378e+02,5.766383932425e+00,8.481511895154e+00
2.088917351958e+00,6.026944508426e+00,2.370941578768e+00,6.697488259494e-02
6.897128974231e+00,4.960672850700e+02,3.359580829828e+00,4.407994355615e+00
1.087318718457e+01,5.696916488603e+00,3.384878747978e+00,2.582613474763e+00
1.213733327297e+01,6.338981778453e+01,4.312765127839e+00,8.381626694936e-01
1.297610723067e+01,1.989631249644e+01,3.729683395630e+00,2.018439940319e+00
1.475853930288e+01,8.172760264572e+02,2.270634683871e+00,3.714457096692e-01
8.312517416866e+00,2.730459489231e+03,6.827929840212e+00,1.744765293075e+00
1.124011675924e+01,8.725789154348e+02,5.999098414701e+00,1.398035759126e-01
6.568577705276e+00,4.304497016197e+01,2.360830731687e+00,1.736515083139e+00
8.492991163007e+00,1.100053783507e+03,3.297582912615e+00,1.597792557248e+00
8.782393497347e+00,3.115116648423e+01,1.171832674957e+00,3.132527335738e+00
6.529190203763e+00,2.113677438571e+02,5.289284622639e+00,5.429260758077e-01
8.490714352627e+00,3.436284064335e+02,1.007843340123e+00,9.225339857139e-01
6.189237636689e+00,6.831523106649e+00,5.653382711347e+00,9.163361572357e-01
6.378585597480e+00,1.387114045132e+03,5.842123631362e+00,5.714457379002e-01
1.505270212656e+01,5.683124157828e+02,2.765863950309e+00,7.765977739866e-01
2.112682185795e+01,1.885837365389e+02,2.855125155911e+00,2.880189325505e+00
3.184526904525e+00,5.674553391753e+01,6.947221788062e+00,2.755579032154e-01
1.436105461488e+00,7.407581676456e+01,1.963730125781e+00,6.074535924786e-01
9.987727774055e+00,1.411922221495e+03,1.861515869307e+00,1.593157907088e+00
5.203415217894e+00,2.291264076401e+02,1.497765234044e+00,2.431194454863e+00
1.198823852953e+01,1.992458756690e+01,1.501844908636e+00,7.622450415599e+00
1.581380162097e+01,1.002498608023e+02,5.536213039626e+00,1.077584610569e+00
9.964073942493e+00,1.368184176823e+03,1.967425289559e+00,1.446593333282e+00
1.456851534545e+01,1.478980877301e+03,4.416537185609e+00,2.944386890773e-01
1.446053403971e+01,9.729176945186e+02,4.819586219255e+00,8.728331840894e-01
6.416801085069e+00,4.148653331840e+02,3.275984637057e+00,2.344211890624e+00
1.077157698277e+01,6.599395501642e+02,5.638081718111e+00,3.056394479838e-01
1.079560174936e+01,6.758531456590e+00,3.477076398508e+00,4.740325640624e-02
1.893617933396e+01,1.769865918750e+02,4.512329547935e+00,7.704997144010e-01
7.184002508769e+00,1.925628207374e+01,5.777673188746e+00,2.563165290789e+00
1.018597744817e+01,1.649279781519e+03,1.286049774206e+00,4.800401344711e+00
9.945479543480e+00,1.499820521245e+02,6.903199915380e+00,4.147727592841e-01
8.542307929887e+00,2.275307581754e+01,3.266969841232e+00,3.925834588961e+00
6.415674596304e+00,1.246844975618e+03,2.212790168099e+00,5.315638699830e-01
1.278279537475e+01,1.806200579532e+01,3.640556085539e+00,6.859055784408e-01
1.367039836633e+00,6.710721678503e+00,1.887063386746e+00,2.351361552564e+00
1.132015342565e+01,1.623435087280e+01,1.944467462850e+00,3.861119936428e+00
7.344543635724e+00,5.473515744537e+02,3.053972175073e+00,3.396217712196e+00
9.464405595685e+00,3.570320613035e+02,1.471743412392e+00,8.277415362435e+00
1.787421104739e+01,4.863754479452e+02,5.889374957703e+00,6.058090906520e-01
6.002181636664e+00,7.603931129234e+00,4.239717902286e+00,3.445499594227e-01
1.489267452103e+01,1.429312659453e+02,3.297891321693e+00,1.715818489851e+00
3.454559083938e+00,6.306355261334e+01,5.778900468650e+00,1.315561973970e+00
5.194598553402e+00,1.130932252162e+01,5.828810500692e+00,5.236463105385e-01
9.622793895029e+00,9.039916220466e+03,3.216215447132e+00,4.539781172837e-01
7.003964809977e+00,1.009340689048e+00,2.332468068597e+00,1.696417624844e+00
6.319004126503e+00,4.272817748774e+02,4.636815060896e+00,4.282175229649e-01
5.908055932824e+00,1.956741466635e+02,1.623065274392e+00,3.004914840213e+00
1.127590345860e+00,3.636723179567e+02,6.882140789621e+00,2.018948292368e+00
2.332703028079e+00,1.745523551265e+03,5.892347404521e+00,1.257085878828e-01
1.845526536025e+01,6.717510845260e+00,5.594893336870e+00,1.934709851166e+00
1.696425912874e+01,2.230696020113e+01,6.166563783344e+00,1.043546783831e-01
7.432484033255e+00,2.573011759525e+02,5.930623641757e+00,2.267323484839e-01
1.207598172423e+01,2.263652213641e+03,3.330084198597e+00,1.151574018148e+00
1.214599188094e+01,8.459553561750e+01,1.171159492798e+00,7.790352617388e-01
5.559813458890e+00,4.108900534236e+02,2.170369215928e+00,2.104827318636e+00
1.753217450307e+01,7.230987860897e+00,2.520446765194e+00,7.914479256100e+00
1.693304052731e+01,1.734153778242e+01,5.239454142931e+00,1.369517468290e+00
1.370389903018e+01,5.403742427542e+02,2.358213076812e+00,1.375286217174e+00
1.251751642343e+01,1.093960418925e+03,1.986714332981e+00,3.822896321395e+00
6.265032582619e+00,1.091441396791e+02,3.616362543908e+00,1.706150664578e+00
7.745583848904e+00,2.281121354470e+02,1.188211919795e+00,3.194586843351e+00
1.528839874806e+01,1.784763318104e+03,6.460764299756e+00,1.987248088740e+00
9.886669417454e+00,6.517101010669e+01,3.517918091322e+00,4.442486697722e-01
1.796768518533e+01,8.571228606537e+01,3.837214015785e+00,4.528541895828e-01
1.378693249104e+01,2.753963110343e+00,2.336305456497e+00,4.912464659086e+00
3.573164016160e+00,6.314698438803e+01,4.957705610997e+00,7.293662861728e-01
1.336495284088e+01,2.000534120883e+01,3.285642184489e+00,7.810271228464e-01
6.333781032991e+00,1.414231860004e+03,3.635794324013e+00,1.342650435706e+00
1.317443175580e+01,3.786781495076e+01,3.888363274444e+00,3.885006201050e+00
-2.793391804088e+00,1.292547542086e+03,6.820703578536e+00,3.763393241871e+00
9.093766814936e+00,1.316915430554e+03,2.430073839949e+00,1.168890971072e+00
1.840232267466e+01,6.940108783923e+01,3.487807917441e+00,3.453581840274e+00
8.695441330631e+00,1.322329952943e+02,4.538236096313e+00,5.467409025701e+00
9.328509305662e+00,3.047581574515e+02,1.880407809209e+00,3.091782597394e+00
1.064653866512e+01,1.178825816979e+02,2.777709749454e+00,2.499415097919e+00
8.563754146310e+00,1.581349948306e+02,3.621126010633e+00,1.695056164655e+01
7.933396381659e+00,3.118566444145e+00,1.523436216475e+00,1.174381708046e+00
7.632132980501e+00,3.283907668006e+03,6.420591866674e+00,2.383344966861e+00
1.398111329263e+01,4.054226035794e+01,3.910858436205e+00,2.684671070298e+00
1.779385444585e+01,2.887126821551e+03,1.969227401510e+00,4.415058338880e-01
8.330569550604e+00,2.374901057217e+00,5.592461695151e+00,2.218636496952e+00
1.348909169419e+01,8.975695148457e+02,4.862800976260e+00,3.330648742076e-02
1.754092587837e+01,4.129592279611e+01,1.512813270885e+00,4.826721134422e-01
8.755931220115e+00,3.608214794413e+00,5.427489975155e+00,2.779721648196e-01
2.003649528958e+01,1.465718118630e+01,3.104520266564e+00,1.545667207084e+00
1.070888676720e+01,2.051931189856e+01,5.281479796027e+00,2.047604440539e-02
1.258390259398e+01,6.205928801890e+02,4.713693370628e+00,8.809178064624e-02
3.906004295702e+00,2.285392488729e+03,4.187934621349e+00,1.071897139415e+00
1.292391291750e+01,2.488504137613e+03,3.823260105086e+00,2.186237690032e+00
8.131931055421e+00,6.747491942302e+03,1.103510952547e+00,9.311352238105e-01
2.023686853457e+01,7.096088961264e+01,3.160391730823e+00,4.619390213112e+00
1.050371958716e+01,4.605863614709e+01,3.464882650176e+00,4.828303773006e-01
6.900499668866e+00,1.035068169406e+02,5.433945112030e+00,1.997184742032e+00
8.940681240269e+00,9.969146602213e+01,1.959982080404e+00,2.919326342462e+00
8.844124221900e+00,2.879033341400e+02,5.135734138451e+00,1.362488672761e+00
1.745137209054e+01,3.150267191973e+02,5.861266748240e+00,3.846087385245e+00
1.345757977903e+01,1.358981795622e+02,3.191450327895e+00,7.560220217455e-01
1.877785144874e+01,7.612585524070e+02,5.800486270851e+00,6.578167613078e-01
5.100114621122e+00,5.523731379779e+01,4.978108471536e+00,4.243350167097e+00
1.552792856001e+01,1.975105436878e+02,4.275860990709e+00,1.485372517971e+00
9.475451712927e+00,4.473512949920e+01,2.993145402502e+00,2.527223141968e+00
1.300781735701e+01,2.794601659857e+01,1.965204482143e+00,3.040543325180e+00
1.979908062519e+01,2.892774861223e+01,5.746536604083e+00,3.265801475881e+00
1.356780272721e+01,7.672249347435e+00,4.103272392694e+00,4.360818637612e-01
1.335433727061e+01,2.375281947588e+03,2.419083409739e+00,7.596253220309e-01
1.817670288456e+01,1.408119256300e+01,4.229402383104e+00,2.031287618897e+00
2.066319074733e+01,6.162396579184e+02,4.199669862361e+00,6.068401755146e-01
4.991939931813e+00,7.502598064532e+01,4.759530775423e+00,2.631138881322e-01
1.931808463901e+01,5.000810900937e+02,5.920007564111e+00,5.630206000352e-01
3.871089679151e+00,3.756759302829e+01,6.687800924450e+00,7.853288318293e+00
8.589758417427e+00,7.134520032263e+02,6.761734774287e+00,4.421205221493e-01
2.004329428707e+01,1.466619578006e+02,1.095679307622e+00,9.397709286782e-01
2.003474138476e+00,3.938208905104e+02,3.417596873482e+00,5.177770002602e+00
3.610820718045e+00,1.837864375361e+01,2.946475865849e+00,1.379759867585e+00
1.034480941883e+01,6.577153239116e+02,1.909142997399e+00,3.814193437889e-01
-8.242541434056e-01,2.019615246628e+00,5.609021802307e+00,1.484231652208e+00
1.018018469907e+01,5.823185522907e+03,6.020688576726e+00,1.737016325972e+00
7.275636378819e+00,3.680839547260e+02,3.970330500573e+00,4.156492462592e+00
7.994219919644e+00,1.976637424054e+01,2.333823339468e+00,9.665132978996e-02
2.116274930597e+01,4.370955108497e+01,2.949396629976e+00,1.653849751469e+00
1.719937488454e+01,5.182904116392e+01,3.708466767284e+00,1.621209386394e+00
1.075595343495e+01,3.238775867726e+01,2.101748318334e+00,7.210362484994e-01
1.024896063548e+01,2.747091054219e+01,5.503552943834e+00,2.347830533082e+00
9.078409236756e+00,3.227206424343e+02,5.054705951227e+00,4.975754552523e-02
1.096027244737e+00,6.329089674707e+01,2.079662253701e+00,5.064038772042e+00
6.498583319320e+00,6.423528756732e+00,1.852583106587e+00,8.735808462759e-01
1.205478651855e+01,2.119694498380e+02,6.671567874317e+00,4.831309532334e+00
1.799036421492e+01,4.814064276095e+01,2.043233369030e+00,3.002652125830e+00
7.639887442360e+00,1.312552781126e+03,6.775084671843e+00,1.264317664785e+00
7.997988879142e+00,1.905281431738e+02,1.890922520768e+00,1.324386600486e-01
1.776286051346e+01,9.136253254072e+03,3.380110169684e+00,3.382180320951e+00
1.607642901776e+01,1.301443471048e+02,5.783926932851e+00,8.405255368494e-01
1.479255616428e+01,7.315541938928e+01,6.248378484386e+00,1.774472441246e-01
5.701432797848e+00,4.333952465070e+01,4.984085094364e+00,1.660999696466e+00
5.444663071050e+00,3.593406293971e+02,1.163632939597e+00,1.233051851388e+00
1.201493334464e+01,9.400805302557e+01,4.261703529587e+00,6.553185559030e+00
8.565265370875e+00,2.544615147497e+01,4.618404988476e+00,6.765693511047e-01
1.712161602055e+00,1.596821865221e+02,4.211991163266e+00,2.602990813834e+00
1.328053262313e+01,7.634513537220e+02,6.438883918094e+00,3.870146844913e+00
9.742792647901e+00,8.403860470237e+02,4.649679375621e+00,1.958313392170e+00
-7.717549069130e-01,4.230155907881e+01,2.827338372590e+00,1.310383306890e+00
4.279694241066e-01,4.231410105956e+02,4.603972929366e+00,4.870223432454e-01
4.342085418766e+00,1.505299159398e+02,5.913838764124e+00,1.646885949817e-01
1.072303675189e+00,4.264001466370e+01,6.883578733116e+00,8.304975191213e-01
1.135691656870e+01,5.814773831801e+02,5.718616656451e+00,1.140584238025e+00
1.360457472325e+01,7.051325943285e+01,3.670245574854e+00,1.431648755772e+00
1.550681856269e+01,6.267097999508e+02,2.503368089186e+00,1.468157927414e+00
9.997356017738e+00,1.550177573521e+02,5.620425900516e+00,5.081573827462e-01
1.044527782031e+01,6.836254194825e+01,4.644541851384e+00,1.801874669149e+00
7.856573726252e+00,3.759822452765e+01,2.523449429812e+00,1.320890376626e-01
8.364876178792e+00,1.898138321160e+01,1.321652941043e+00,2.908820237908e+00
1.429201598097e+01,7.742399543828e+00,3.429618955242e+00,2.667366146221e+00
7.430785442983e+00,6.422085563902e+02,3.534238883448e+00,4.646560141990e-01
1.762637349202e+01,7.196028734741e+01,3.132454591233e+00,2.746167137063e-01
7.355030537605e+00,3.635432314672e+02,3.844619049406e+00,9.752051947149e-01
1.895576946629e+01,2.811768167126e+01,2.942486196648e+00,9.482900797175e-01
3.397681650372e+00,5.824527741755e+01,1.956511770260e+00,8.071793568646e-01
1.250250503632e+01,5.471121244169e+03,5.697009639681e+00,6.325044489346e-01
1.242547661362e+01,3.061537686862e+02,4.986986241095e+00,1.550041331844e+00
5.089290151245e+00,9.352485940002e+02,6.709104900606e+00,4.548748815301e+00
7.337395377521e+00,4.848360673039e+02,6.828760137857e+00,4.287647850695e+00
1.486869124476e+01,1.174014273574e+01,1.965619651115e+00,1.295915524540e+01
1.776308775686e+00,1.746071295453e+02,6.664142242538e+00,2.596602058707e-01
6.887280732664e+00,9.061736960621e+00,2.086876887539e+00,1.393410149437e+00
6.290426071704e+00,4.726627712809e+00,6.503035287802e+00,2.644712208552e-01
6.045634246981e+00,1.708558927791e+02,5.198179658963e+00,1.660073024960e+00
1.129408771105e+01,2.141679360348e+02,1.220855442340e+00,3.327288499139e-01
1.217814605114e+01,3.379352640024e+01,2.514434094098e+00,4.156385537949e-01
1.780317663553e+01,5.284380860748e+01,5.691363772535e+00,1.502214750343e+00
1.749421178341e+01,2.339250676052e+02,2.548483864780e+00,6.757230981677e-01
3.651089951210e+00,1.115507292280e+01,1.763862227167e+00,1.213244599415e+00
1.146466304235e+01,1.161886787727e+02,4.138745414856e+00,6.382434414213e+00
1.908079964993e+01,4.017741317218e+01,5.650654659084e+00,3.716180886879e+00
4.613631810513e+00,1.383660883434e+01,4.461243942951e+00,4.595241224011e-01
2.815807441090e+00,6.572206909856e+01,4.154314873018e+00,5.500243284802e-02
1.108017171684e+01,2.151524817707e+02,4.195142331226e+00,1.460837172127e+00
1.180995341030e+01,1.483811270944e+02,2.763715910713e+00,3.780679995437e-01
1.448126063792e+01,5.860950848108e+00,5.166824715407e+00,1.429729578195e+00
7.445830497313e+00,5.769627526696e+00,6.657130937208e+00,1.936981762713e+00
1.183253164731e+01,2.168111535283e+02,3.418184590262e+00,4.441577652743e+00
9.350006976981e+00,9.126231154740e+01,1.116782876468e+00,2.477500420070e+00
6.167706518931e+00,2.602175916801e+03,5.947344051375e+00,9.532301841765e-01
2.775158067532e+00,3.089596872831e+03,3.588844402827e+00,5.428525703683e-01
9.843700675607e+00,4.222469541187e+02,4.745138569639e+00,1.840759177426e+00
1.856279183531e+01,1.205937177525e+03,1.439484685253e+00,1.608106822246e+00
1.673108083069e+01,1.149056686514e+04,5.893867195038e+00,1.723571256808e+00
1.192647205797e+01,3.034947987889e+03,6.154197599458e+00,4.035850727144e-01
1.777798765592e+01,7.568553929599e+02,5.083517032818e+00,3.190417695652e+00
1.338699203193e+01,1.075047777181e+02,4.772764930658e+00,1.962860585998e+00
2.529594775144e+01,1.007831536589e+03,3.704296233037e+00,2.210635222507e+00
1.078424185981e+01,7.591266756234e+01,1.929538469307e+00,6.742710438186e-01
8.524718069897e+00,7.081140224416e+01,1.706260270316e+00,3.263043324129e+00
1.347557444777e+01,1.011677963056e+01,1.570759397997e+00,1.690950692682e+00
7.331047530949e+00,7.307542170464e+01,5.536480251638e+00,8.390004360797e-02
1.202725910800e+01,2.553573456992e+02,4.609267277502e+00,2.384279388502e+00
1.012098092318e+01,1.355578455400e+02,3.166261964836e+00,1.303374891773e+00
7.240183148427e-01,1.442139540958e+01,4.670669394110e+00,1.784263940758e+00
1.350165635410e+01,1.555743736489e+01,2.289460838269e+00,7.573123733357e-01
1.126666194331e+01,1.649784634898e+02,1.981730216464e+00,4.661279220692e+00
5.298750574869e+00,6.958955897239e+01,5.680261095998e+00,1.477984822760e+00
9.359525293269e+00,2.913383827931e+03,6.394373970009e+00,2.308816102002e-01
1.063577923994e+01,4.296253110732e+01,6.308928117630e+00,2.687492118859e+00
4.884135764827e+00,6.572346615929e+01,4.220309188953e+00,5.467700288838e-01
1.055889255557e+01,7.319367995856e+04,4.135637955776e+00,8.736132587889e-01
1.067939387686e+01,9.076992213161e+02,2.162813036743e+00,1.584045837048e+00
1.114836975345e+01,2.750865699588e+01,3.507618973799e+00,5.656301740198e-01
6.367164435551e+00,1.989126933285e+00,6.784086720286e+00,2.366108728809e-01
5.406992555705e+00,5.050440573435e+02,2.328244920879e+00,4.115913593207e-02
1.032870477052e+01,6.886070524516e+02,6.059686712146e+00,1.695734825745e-01
1.692298926860e+01,1.934198133138e+02,2.958599684701e+00,9.650693286606e-01
8.275474849565e+00,6.832812295070e+00,3.208222964996e+00,4.686792567402e-01
1.106131359607e+01,3.430390346468e+01,5.827145798708e+00,6.297365833724e-01
1.558489492506e+01,2.443980615705e+03,2.592685767546e+00,7.666909912688e-01
1.046168004027e+01,3.399665611509e+02,3.733939259961e+00,2.601037789829e+00
1.017999542706e+01,6.409222619841e+02,2.547600821612e+00,1.913003796368e+00
1.271976513064e+01,1.080797896616e+03,6.949798053501e+00,2.624885954397e+00
-1.737776645166e+00,3.308559902533e+01,5.672832205569e+00,3.928600751157e+00
1.054146125381e+01,9.032987947605e+02,1.543574781967e+00,6.148485236747e-01
5.515905671279e+00,2.555814059805e+01,6.847401505097e+00,9.773507865337e-02
4.214603946583e+00,3.064229069246e+03,4.393763366979e+00,7.194016657693e+00
1.359112796288e+01,4.003722228676e+02,5.709891262558e+00,6.924557619446e+00
1.081542890998e+01,1.341381498095e+01,3.715919590073e+00,4.449495808537e-01
8.765797713725e+00,1.273358985718e+02,4.989653677954e+00,3.730749235317e+00
9.666461574418e+00,1.891355847465e+02,3.321746641914e+00,3.420711569146e+00
1.730396022053e+01,1.516874347221e+02,2.322836049535e+00,1.838882364331e+00
4.718613652747e+00,6.573917745508e+02,2.825936885203e+00,1.082789252422e-02
1.128851578524e+01,7.973413069530e+01,4.338984907398e+00,2.485404823966e+00
1.248369053002e+01,2.133884288969e+02,5.731911180748e+00,1.019058709250e+00
6.745247891959e+00,5.811669136783e+02,6.497530022307e+00,2.138768826740e-01
1.022914575915e+01,1.251055755431e+03,6.823488298939e+00,1.686819459345e+00
2.063294298480e+01,1.893436529259e+01,1.998319787965e+00,8.855472799482e-01
4.076570120589e+00,1.802049416104e+01,6.633040609860e+00,1.464326498953e+00
9.675867478709e+00,3.979808033217e+01,6.797082979650e+00,4.636835324467e-01
9.733255539953e-01,8.147488626694e+01,2.024332926556e+00,2.725988485595e-01
1.278917863613e+01,1.353436253738e+02,3.936977607758e+00,1.842404291544e-01
5.333936349455e+00,6.101673565274e+02,1.847351742052e+00,8.170196609340e-01
1.378718213838e+01,9.594494401700e+03,4.066479634055e+00,2.130047246311e-02
9.175315299775e+00,3.841498365099e+00,3.566673445071e+00,2.120466378550e+00
7.154180861160e+00,5.268897840679e+04,2.569913156092e+00,4.119695765844e-01
5.303287013239e+00,1.341856189460e+02,3.975881884074e+00,1.389021951494e+00
9.796009064978e+00,1.740172310808e+02,4.954720798864e+00,1.900266095599e+00
8.270841779458e+00,5.736151899180e+01,6.049317452850e+00,2.263914342875e+00
1.562742677983e+01,3.600595880569e+00,2.404205601912e+00,6.722374656071e-01
2.038647097006e+00,1.234648479140e+01,5.393186206602e+00,6.637310486522e-01
6.820268287729e+00,1.186451539131e+01,3.041918761033e+00,1.134598118934e+00
1.452398725333e+01,6.613582688138e+00,1.793418971323e+00,1.201228787595e+00
1.141082899847e+01,5.321548223249e+01,3.850598093242e+00,4.692582521835e-01
5.586181357809e+00,8.159578381090e+02,5.008691458553e+00,2.873280934834e-01
2.062496655662e+01,7.367078541986e+02,1.569965852739e+00,9.274786377823e-02
1.139653390505e+01,3.881875948276e+02,6.310646606798e+00,2.853446844696e-01
5.853984087867e+00,5.332024672089e+01,5.597531238593e+00,2.230129636052e+00
1.397196685189e+01,1.327981368758e+02,1.023327622165e+00,1.391222522071e+00
1.366803362522e+01,8.353252435786e+02,1.570058336540e+00,4.795015672111e-01
6.072088186478e+00,2.669626605421e+02,5.604895965627e+00,5.769523909371e+00
9.697734430228e+00,1.627345156848e+03,4.178065479722e+00,9.253610936211e+00
1.553351561168e+01,8.466480661112e+01,5.862505016550e+00,8.712609872047e-01
7.184549380472e+00,6.616680472785e+00,5.222320271699e+00,1.844411248856e+00
1.799005925269e+01,2.907180025738e+02,2.845992704044e+00,1.451364025421e+00
1.635951116901e+01,4.277083801123e+01,4.635035838654e+00,2.619181139264e+00
5.593004300483e+00,2.922048008026e+01,5.074844341257e+00,7.163143975864e-01
3.860151705539e+00,2.010312809615e+02,1.623480705777e+00,1.512173325428e-01
1.952583685473e+01,2.741569847883e+03,5.699134777085e+00,4.201476506825e-01
1.375276497648e+01,7.365116389194e+01,5.464489654118e+00,1.852125886637e-01
5.451275103782e+00,2.885193847314e+02,6.613728745526e+00,4.300986029731e+00
8.887173429543e+00,1.006561406202e+02,1.347850866728e+00,3.331179393163e-01
7.846447623207e+00,8.450090815569e+02,4.321911211206e+00,1.180327934419e+00
2.029551617522e+00,1.787268326010e+02,3.675739477425e+00,9.974612282038e-01
1.309186362338e+01,2.229884107715e+02,2.512917743374e+00,6.633029582037e+00
3.615679619403e+00,3.918638274516e+03,1.213905829207e+00,3.656220862203e-01
3.581775552671e+00,4.367033312517e+03,5.995081186573e+00,2.288483138256e+00
8.611235048851e+00,1.056841274649e+03,4.870417828359e+00,2.395196445921e-02
2.308967730612e+00,7.296417854679e+02,2.536453147137e+00,1.318149717950e+00
1.373709471542e+01,5.183518335594e+00,4.042851191157e+00,4.068060641540e+00
1.121682801847e+01,9.923236795574e+02,3.116237814293e+00,1.248679746642e+00
3.072515650025e+00,2.716782732450e+02,5.783045901534e+00,7.340558748265e+00
1.057488154018e+01,4.692803376659e+00,4.223829790990e+00,5.841077187982e-01
8.603642048553e+00,1.626985353686e+01,2.727359013620e+00,4.152284507540e+00
8.651424659013e+00,5.546948816162e+02,6.396631304157e+00,1.741798302481e+00
1.484290763864e+01,1.481070980869e+03,5.252494718531e+00,6.930993522718e+00
1.069865573584e+01,1.375283855233e+01,2.509052030679e+00,1.021910891553e+00
1.277426702962e+00,1.607189678025e+03,2.313675032058e+00,2.403593191834e+00
1.455260053280e+01,1.049585175248e+02,3.955863858929e+00,1.802080425476e+00
5.018561853197e+00,2.169250481951e+02,2.984828400107e+00,7.454260125929e-01
1.067047395262e+01,5.891336929627e+02,4.364689636625e+00,1.149209416942e+00
1.617181563501e+01,3.446690618535e+02,1.471649668983e+00,2.019570207406e+00
1.115917724785e+01,4.034177024641e+02,2.344280650782e+00,2.378939312389e+00
5.267817615478e+00,1.176910461357e+02,4.052649922754e+00,2.195881230670e+00
1.218402576415e+01,4.364582558392e+01,6.827489476202e+00,4.682178069412e-01
6.312453315775e+00,1.610202677848e+02,2.767713765325e+00,2.348696293108e+00
1.349699431642e+01,2.529732625531e+02,3.391486757920e+00,1.210933981325e+00
9.733645784765e+00,1.060042478449e+02,5.045710068895e+00,4.288930124381e+00
3.316694758395e+00,1.841678817569e+03,6.885270679866e+00,1.447601149044e+00
1.704560545606e+01,1.458807910522e+02,1.591244355828e+00,1.113773759621e+00
6.409029796000e+00,6.597393858960e+02,3.776926333744e+00,1.393472972875e-01
-1.498415154716e+00,3.765632202741e+03,4.526841855394e+00,8.124814664296e-01
1.246962344729e+01,8.986445142071e+01,1.877396220904e+00,2.646206708165e+00
1.106456619981e+01,1.126921594677e+03,1.672994584776e+00,2.516655388879e+00
1.204088308039e+01,1.825293069653e+02,5.667238041792e+00,3.026922273842e+00
1.468972203768e+01,2.187677022698e+03,4.182335298843e+00,5.285749770312e-01
1.511481026781e+01,3.574838113461e+01,2.303466494697e+00,2.121911247596e+00
1.329639581505e+01,3.457571828276e+02,1.928520531571e+00,4.032230291948e+00
1.021313684136e+01,1.179110763023e+03,3.307212985024e+00,4.204588342830e+00
1.004758622576e+01,1.449329528355e+02,5.652611980954e+00,6.843321083609e-01
1.117939732857e+01,3.514578483594e+01,1.000183901699e+00,3.317209048727e-01
8.677911989345e+00,8.979807854370e+00,2.562941995894e+00,1.601554442980e+00
1.029369306482e+01,2.053758811904e+01,2.609054380348e+00,1.080208687121e+00
1.446026719006e+01,2.207023811894e+03,6.727020581568e+00,4.539858993107e-01
7.479134549385e+00,1.028502880752e+03,1.018805912772e+00,1.358678594267e+00
2.193378871041e+01,8.005978361052e+01,6.406500673984e+00,2.730143407203e+00
2.227567413891e+01,1.075104013650e+03,1.733305299801e+00,1.103691149537e-01
1.394698866854e+01,9.433764092849e+00,3.136355954880e+00,8.313947416269e-01
2.192354351074e+00,3.033355139261e+02,4.581029142609e+00,5.274889787353e+00
1.116862797895e+01,2.741261276010e+04,4.824098598143e+00,1.100382730843e+00
1.341441546436e+01,9.223044061489e+02,4.988638759668e+00,3.766529373107e+00
7.310402988739e+00,1.260171121266e+03,3.177450179633e+00,7.757358819607e-01
3.533184164962e+00,3.561318991633e+02,5.846300358691e+00,1.342995290443e+00
1.380330024078e+01,4.263513621575e+02,3.969303423732e+00,1.902030250975e+00
1.120854756026e+01,2.703154412327e+03,2.697975041192e+00,4.833051213252e+00
5.380845339507e+00,1.772824080384e+01,1.764532972198e+00,1.631834303120e-01
1.544846773500e+01,1.417834054064e+03,4.334099381846e+00,2.825501822358e+00
9.983323032712e+00,1.168583773266e+01,5.258624996995e+00,6.676051902033e-01
8.947061819714e+00,1.314500084204e+01,6.693031997587e+00,5.762431887910e-01
1.154955170063e+01,1.050224182205e+02,6.373289078946e+00,1.087670396575e+00
1.155844283049e+01,1.705142368406e+01,3.479105153000e+00,2.599772000739e+00
7.872767546601e+00,3.104270717601e+01,1.749714002056e+00,1.575652426649e+00
1.197202785363e+01,7.615524956706e+02,5.685136493301e+00,5.633791706006e-01
1.828712998298e+01,3.097600137455e+02,3.105557679957e+00,8.191678844668e-01
7.696542808823e-01,1.453602299584e+02,2.378537045884e+00,1.240002518302e-01
1.273270819588e+01,1.549459992603e+03,4.619244724250e+00,1.625819824512e+00
1.235342385342e+01,8.849641283586e+01,3.162003262581e+00,5.750956531230e-01
1.522629951266e+00,3.371246621070e+02,2.370334696435e+00,4.806890284909e+00
1.524972206924e+01,1.071755776491e+00,4.470616984920e+00,1.355029481263e+00
1.213061097764e+01,1.104168175734e+02,5.869556944668e+00,8.553086428246e-01
1.519614535181e+01,1.053568590969e+03,6.711494040614e+00,3.814767074344e+00
3.134169726968e+00,1.789520278894e+01,1.268349266007e+00,8.797244603839e+00
1.191492579706e+01,9.154470997839e+02,2.401851994987e+00,1.601191793264e-01
9.630521780267e+00,2.442432721697e+01,3.346980125948e+00,9.410667377016e-01
1.270629654770e+01,3.135817994358e+01,2.705338873662e+00,1.491774241221e+00
5.856082659103e+00,1.360516472649e+03,3.435239885181e+00,6.293481594061e-01
1.838978004131e+01,1.023058327622e+03,6.796162659764e+00,1.895491431704e+00
1.025517095875e+01,6.881958014324e+02,5.802475635061e+00,2.677852639057e+00
1.816234684532e+01,3.959242062205e+01,4.464776577529e+00,2.170759270915e-01
1.984027153484e+01,2.220706485123e+01,5.676117253248e+00,3.445115263743e-01
6.408560305366e+00,1.395027220109e+01,5.574140354532e+00,1.172363546945e-01
7.395844634233e+00,5.264194546024e+00,2.492010757098e+00,3.394568274078e+00
6.528815590371e+00,3.476445031833e+01,6.829012874714e+00,1.068830381631e+00
1.331055399889e+01,2.609837016482e+01,1.493257740602e+00,6.082105370904e-01
7.449201106202e+00,2.174574783868e+01,1.235724219910e+00,2.644160772270e+00
6.076324999860e+00,9.867162365221e+01,6.708052232838e+00,1.299475374215e+01
1.297885170414e+01,1.299555410742e+02,6.011952845237e+00,5.318338073272e-01
1.562742802125e+01,6.725554890658e+01,4.144636650997e+00,4.103211753448e-01
1.321136695783e+01,2.195805484555e+01,4.399989600408e+00,4.957769040106e-01
9.766860080563e+00,3.233477159180e+00,2.915545502545e+00,1.284698714334e+00
1.096872218463e+01,2.515676792412e+02,3.431092092955e+00,2.916512644316e+00
1.888715653113e+01,3.351686075970e+01,5.802485702879e+00,6.131668346906e-01
9.271152230086e+00,4.409987462730e+01,2.458218160215e+00,1.051713386592e+00
8.661173033079e+00,8.427822485083e+00,1.828437947280e+00,9.843996679511e-01
8.786755347437e+00,1.864127948912e+01,4.355549796735e+00,7.522294805135e+00
1.782813966506e+01,1.220913709673e+04,6.496636645015e+00,2.182618001226e+00
1.819396148769e+01,1.566676290407e+02,4.568992045690e+00,8.327127646092e+00
1.095153648078e+01,1.544038756908e+03,1.011485337360e+00,1.489757380280e+00
1.233158299885e+01,8.365902626832e+01,4.143196269746e+00,9.666605207830e+00
7.908423682328e+00,1.881137157087e+02,3.432277879593e+00,2.674891943547e+00
7.647501536761e+00,2.130156758922e+02,1.317015467796e+00,1.588548396524e+00
1.726833491712e+01,6.806757274182e+01,4.434315599179e+00,8.757171573481e-02
1.658044731515e+01,1.414609886490e+03,4.287062890621e+00,2.450406137194e-01
6.985301856750e+00,2.265760620243e+02,4.480596465425e+00,8.566001459241e-01
3.601313497215e+00,1.825381904836e+01,1.932590609044e+00,4.187751698466e-01
1.662490477868e+01,8.180370763890e+01,2.319303132909e+00,4.447815712150e+00
1.126450138744e+01,3.522892425148e+02,2.112615187634e+00,3.425656932848e+00
5.991684168109e+00,4.902632142917e+02,4.698111278426e+00,3.463048698402e+00
6.350649999925e+00,1.722607912695e+03,1.340209709655e+00,3.269597215198e+00
1.418827726906e+01,1.192569377968e+03,3.295167805756e+00,1.457419455920e+00
3.061541721759e+00,1.465591232968e+02,4.081745207396e+00,2.086124786000e-02
1.130830339590e+01,2.695783721143e+02,3.424919492499e+00,2.569106382592e+00
3.013074382465e+00,1.974140504398e+02,4.909687259929e+00,1.303362657074e+00
1.800211627252e+01,1.810686218602e+01,5.144117588232e+00,2.570795823370e-01
7.890556230771e+00,4.017110446472e+02,3.949827247396e+00,4.093578795572e-01
9.132209550377e+00,3.504544903144e+02,3.234767327169e+00,1.191561887651e+00
5.488506607269e+00,3.015013721375e+02,1.614224489981e+00,1.236156922550e-01
7.836386924228e+00,1.802952965751e+02,2.386939524331e+00,2.508841643927e-01
7.363326440191e-01,4.851757770660e+01,3.434811041699e+00,3.636476686989e-01
1.206677943129e+01,1.594262761270e+03,4.771508139855e+00,4.340404676046e+00
4.646235995940e+00,2.356323178745e+02,5.538916292576e+00,1.733382897706e+00
8.501727819521e+00,1.524720608495e+03,4.592336264510e+00,2.125026502299e+00
1.006618190915e+01,3.075325854312e+03,3.630459450598e+00,1.118054769347e+00
1.312882753046e+01,5.531957948535e+01,4.502323077372e+00,1.196313682794e+00
4.834754842843e+00,1.780864449131e+02,5.279039218672e+00,1.210955106264e+00
1.658994769004e+01,1.125086703847e+02,3.174620064126e+00,5.896105567090e+00
2.546232267254e+00,5.160694800109e+02,6.577414504428e+00,7.634658233817e+00
1.056490846692e+01,2.624462753268e+02,4.678905330540e+00,8.855472863750e-01
7.039052809774e+00,2.017212453213e+02,6.629217694563e+00,3.323174558265e-01
1.349424747429e+01,1.853000251710e+03,2.370232564200e+00,2.914514421218e+00
1.373741438815e+01,4.144059360864e+02,3.021761127509e+00,4.057692907371e+00
4.902262811613e+00,4.090221481782e+02,4.776541054585e+00,7.788027908774e-01
1.198253737664e+01,1.881531051839e+01,6.394096051565e+00,7.480783919788e-01
1.534916994229e+01,4.838602096538e+01,3.462074712433e+00,2.174359184909e+00
5.376435520017e+00,7.880630959475e+01,2.244990932660e+00,6.280929110649e+00
1.096073636667e+01,2.325796524580e+03,3.188835091931e+00,5.092878781851e+00
1.822172397822e+00,2.919958160655e+00,4.281675129199e+00,7.504744560411e-01
4.503621024302e+00,7.869616062084e+00,3.477728977645e+00,6.967758679453e-01
6.805509087260e+00,7.202735087875e+03,1.413678020369e+00,3.236398218222e-01
1.224614731950e+01,1.664731882574e+01,5.248739054966e+00,3.470984448854e-01
1.549635883978e+01,4.223806573821e+02,3.011222934763e+00,1.526313765515e-01
2.278948362473e+00,4.921195807179e+01,4.789798268125e+00,1.075888793520e+00
5.039138453420e+00,2.038585890820e+01,2.227242006226e+00,3.430849932219e+00
1.556478128224e+01,2.467263953664e+01,4.397220807834e+00,3.164301532531e-02
1.202866174434e+01,1.090415368785e+02,5.149111455435e+00,2.099132471606e+00
2.199203488119e+00,1.191740481978e+03,6.942796043742e+00,2.010381182523e-01
9.591063980573e+00,4.907634641803e+02,3.756065618186e+00,4.248740049630e-01
1.224055499792e+01,7.367501924077e+03,5.340694915483e+00,1.511913103323e-01
1.065094758222e+01,3.077950454243e+03,6.035838056605e+00,1.724171100059e+00
5.339531395899e+00,1.580724703137e+02,3.641780884408e+00,6.685954323931e+00
-1.036431571318e+00,6.158915367032e+04,1.104606721866e+00,6.069861360262e-01
1.664559205657e+01,3.499113772406e+01,5.592211773909e+00,2.266421290623e+00
3.605581736332e+00,9.600800884507e+01,1.376782442649e+00,1.927653437948e-01
6.105361943589e+00,2.934584666710e+01,5.515749525804e+00,3.800545485590e+00
4.938243121740e+00,2.007090554150e+02,1.896017681730e+00,1.613245034004e-01
9.901942645515e+00,4.304883771824e+03,6.598548946655e+00,7.104309064269e-01
1.389509543512e+01,4.596419390626e+01,6.577023271693e+00,5.549401167854e+00
7.839927540129e+00,2.266445228761e+02,5.053113815681e+00,3.002218902778e-01
1.182644119251e+01,4.417714715399e+02,2.366245202123e+00,1.284219173880e-02
7.781560767240e+00,1.361202911473e+02,6.139004271529e+00,2.596587456898e+00
4.007316535665e+00,9.432424862305e+01,3.032715017411e+00,3.912974929554e+00
1.194183537282e+01,1.629948169825e+02,4.823520018701e+00,1.093692116944e+00
3.583603415695e+00,1.826786894533e+02,4.889416105080e+00,1.849013513059e+00
1.636515886881e+01,5.352593382758e+02,3.790490355041e+00,4.397646024290e-01
1.182018592678e+01,1.232079929622e+02,6.709561379020e+00,1.155806921907e+00
1.648617364327e+01,1.184793194672e+03,2.190431220938e+00,6.332726784030e-01
1.219242206242e+01,1.889233682986e+02,2.849247657775e+00,1.549193568871e+00
9.050735461341e+00,4.466943760473e+01,6.457866515393e+00,8.439919514639e-01
1.674651013611e+01,8.067155331794e+01,2.430119311682e+00,7.313579851819e-02
-1.902980904463e+00,6.871606020160e+02,2.148207771823e+00,5.743031083579e-01
-5.618729284877e+00,3.471548264773e+03,3.888210476136e+00,2.507147826350e+00
1.005292483440e+01,1.114037140886e+02,5.002434694434e+00,3.854163405043e+00
2.749465254154e+00,1.788674713510e+01,2.400103298663e+00,2.261624540499e+00
1.070678459124e+01,4.870746956161e+01,6.342963362534e+00,2.183304916841e+00
2.369794986844e+00,1.581867105565e+03,5.848091527121e+00,3.515942618321e+00
8.935641654998e+00,1.345610234158e+00,3.672051486154e+00,1.279471980014e+00
1.042749719519e+01,2.977320804470e+02,4.721670116022e+00,6.152913590603e-01
1.845749395283e+01,3.612394825241e+00,4.772202749243e+00,1.730280698914e+00
1.207201203786e+01,1.796180056903e+02,5.192446001877e+00,1.540466102516e+00
1.818767813263e+01,2.682690235508e+01,2.116362694981e+00,1.842721846328e+01
1.708235339962e+01,4.876831269742e+00,1.387335919892e+00,6.552689961637e-01
1.228630582271e+01,1.676588721329e+01,6.870380051266e+00,2.138735615715e+00
1.293120400368e+01,1.655584888103e+02,4.405368098097e+00,4.827060973181e+00
8.436324882506e+00,3.478551361792e+01,6.096324014005e+00,3.465129425439e+00
1.015190746509e+01,3.209349358380e+01,3.969612749231e+00,1.343359692322e+00
8.867296223675e+00,1.411084303511e+02,6.805402750028e+00,4.090907228999e-01
2.117489497204e+01,2.609166221080e+03,5.778763755825e+00,2.764013387936e-01
1.923681035134e+01,7.195489941430e+02,5.562768104750e+00,6.692062643019e-01
1.304299076634e+01,2.049458548022e+01,4.951459038627e+00,2.210244967821e+00
-1.898884658320e+00,7.498330238246e+02,2.139334524224e+00,4.377532533027e+00
2.249744922726e+00,4.276290191319e+03,2.704800573710e+00,1.853876262536e-01
1.330329081579e+01,2.217269263170e+03,4.876174575359e+00,9.634211535571e-01
3.220811630146e+00,9.130761877224e-01,2.525337482138e+00,4.393006861203e-01
1.345975158649e+01,2.240195292125e+02,3.124855551372e+00,2.862838761138e+00
1.542704915616e+01,5.538988776589e+02,3.913420782546e+00,3.182891463187e-01
1.583034150677e+01,3.366032532349e+02,1.765157731086e+00,1.659408206122e-01
7.291365245960e+00,1.297483836204e+02,6.264611937127e+00,3.283893523932e-01
4.255764797172e+00,2.162639719426e+01,1.994132541256e+00,9.899634070494e-01
9.117247770418e-01,2.160803171412e+02,1.859225326209e+00,2.007954400062e+00
9.000932058447e+00,1.775383205283e+02,5.155539067833e+00,1.750516062488e+00
1.413108322768e+01,7.346702242723e+01,1.753645554309e+00,3.133250334371e+00
1.111875369743e+01,3.788266011018e+02,1.132257574489e+00,1.181922747963e+00
1.529116605191e+01,2.912240294836e+03,1.162006309477e+00,6.868611192241e-01
1.128518703655e+01,9.602537575771e+02,6.531696447268e+00,3.252303893538e+00
3.982357957357e+00,2.683244970487e+01,3.553715328950e+00,1.626693054416e+00
9.374371856255e+00,1.190214281872e+02,2.694753387624e+00,6.680321457065e+00
1.013941295223e+01,5.063874263292e+02,2.642545979961e+00,7.387503255974e-01
9.100379321875e+00,1.022119337390e+03,3.254043926323e+00,4.936952061337e-02
3.293258482089e+00,5.869840730110e+02,5.885758987053e+00,5.958620855215e-01
1.103536493460e+01,1.266931651240e+03,1.925861349217e+00,4.064793480932e+00
2.744044298292e+00,1.350916800098e+03,6.859287446769e+00,2.029855196131e-01
7.638857022454e+00,3.612111824407e+03,3.698343852989e+00,7.580799044907e-01
1.428666024577e+01,5.795182796052e+02,6.492454699000e+00,1.957583013732e+00
1.573626331163e+01,1.684663555369e+02,4.850109672104e+00,6.491775197284e+00
7.764566392263e+00,1.668618723787e+02,6.343945557024e+00,4.097421173832e-02
4.766741182268e+00,2.129891389822e+02,3.568853863934e+00,1.444329694720e-01
6.485639136164e+00,3.775330189193e+01,4.983850446830e+00,4.193395467917e-01
1.361650126994e+01,3.351434736996e+02,1.005326530811e+00,8.639601334871e-01
5.375484331727e+00,6.392053377638e+03,6.795871813722e+00,2.722433073824e+00
4.491219410527e+00,1.450028783296e+02,4.093185743440e+00,7.794152510520e-01
5.525449093824e+00,3.139026239195e+00,6.517229230383e+00,5.958180333066e+00
1.421646342414e+01,7.602020662591e+02,5.850135625987e+00,1.186880661085e+00
5.501694210983e+00,9.694123224451e+01,1.821677815469e+00,3.509216541967e+00
7.799462357243e+00,2.011102291667e+01,4.644857293094e+00,3.425021952042e-01
8.180318758360e+00,1.885404243472e+02,2.995069814587e+00,3.026363393011e+00
8.903533462666e+00,2.301405224596e+01,4.766986543852e+00,2.354831535467e+00
1.563321191284e+01,5.242153191484e+00,6.001168381332e+00,2.873093784720e+00
1.073238465367e+01,7.025588600114e+03,2.599869211247e+00,2.625959439146e+00
9.437531629329e+00,2.950552028404e+02,5.808176808452e+00,1.792764018081e+00
1.090699074469e+01,1.272893512039e+02,1.092453766918e+00,1.845650445479e+00
9.937647674724e+00,7.651506082515e+02,5.532547773897e+00,2.376867327393e-01
1.785773521938e+01,1.131299891867e+00,6.217626099495e+00,1.216321951325e+00
7.735873737722e-01,1.223983680636e+03,2.690755263183e+00,3.082065942224e+00
3.081748407896e+00,9.282247273229e+02,2.951611685371e+00,6.696083474537e+00
1.667562893216e+01,5.505513277021e+00,5.290629048130e+00,9.922637240616e-02
1.340541088260e+01,6.378556849657e+01,1.652195020109e+00,3.488720590776e-01
1.128919906314e+01,9.591317482612e+02,2.058293394655e+00,4.913801487145e+00
5.778687370681e+00,1.828789062308e+02,5.120949931705e+00,4.067089480873e+00
1.322965973006e+01,7.217192207179e+00,1.557459444847e+00,5.062950867674e-01
1.114425133337e+01,5.963400244219e+02,1.041032801042e+00,2.029251253030e+00
1.294568167065e+01,5.320917951230e+02,5.407159847018e+00,8.246283483519e+00
1.227222924754e+01,2.399829955478e+03,5.591979979396e+00,5.495835135960e+00
1.307199198373e+01,4.738420326643e+02,5.914951506209e+00,4.654214078600e+00
1.036420112473e+01,3.013174707631e+02,5.639135823964e+00,2.718157543686e+00
4.235523689144e+00,1.165271841103e+03,6.685798474042e+00,2.416347266276e+00
1.001473717173e+01,2.772669236719e+01,2.098775021437e+00,7.991253966815e-02
8.985564942282e+00,2.396948926339e+02,2.147058574431e+00,3.452389809714e-01
1.266732408759e+01,1.404258483995e+02,5.640693683348e+00,2.687753369305e-01
6.155774185242e+00,3.483179147890e+02,2.005918611007e+00,1.874519765702e+00
1.475894085503e+01,9.135834248778e+01,3.767218592444e+00,1.008743600933e+00
8.073525986036e+00,1.277553518418e+03,3.093789207126e+00,3.051908344190e-01
6.813881065705e+00,1.334752674151e+02,2.743250721111e+00,1.398866391943e+00
1.192894397551e+01,3.652522002495e+01,6.825241610449e+00,1.399917562342e+00
7.176552358704e+00,8.089634077071e+01,1.220444272355e+00,2.395317223986e+00
1.545198653669e+01,4.592832422244e+01,4.695506925779e+00,1.912618492299e+00
1.446961994468e+01,2.431360837618e+01,3.198117358565e+00,2.468262425803e-01
1.416242338915e+01,1.648320933306e+02,2.605415403055e+00,2.034442387227e+00
1.080619098344e+01,3.862591542683e+03,6.357327832816e+00,2.582975944841e-01
-3.472241628695e-01,4.783566763630e+02,5.650424358811e+00,4.662329547198e+00
4.801583441800e+00,2.311435967937e+02,6.839909849211e+00,5.363632979397e+00
1.223918579087e+01,8.120461809701e+01,3.906200582155e+00,1.180619752023e+00
8.457889024695e+00,1.898532151318e+01,1.011351659826e+00,4.705442085395e+00
1.272566245902e+01,6.334297605654e+02,5.752681013286e+00,3.570896021253e-02
1.701557482004e+01,4.099315033144e+00,1.938308210106e+00,2.907591203679e-01
-1.632473192002e+00,7.201826135609e+01,2.828822124764e+00,4.073163114387e-01
5.978579702686e+00,1.477087000416e+02,4.004773253033e+00,3.613046142301e+00
8.623567424407e+00,2.588647543841e+02,4.759041752824e+00,3.191021330966e-01
2.051640879589e+01,1.840187293680e+02,2.108867331536e+00,2.731102184229e+00
1.509346385023e+01,1.006871820024e+01,6.779970292169e+00,2.849745125413e+00
8.856829304605e+00,8.174081522497e+00,4.924067761633e+00,1.689993327434e+00
4.625615747541e+00,1.695479138598e+02,3.137042059807e+00,1.709439084933e+00
2.590589454688e+01,2.626943817223e+01,6.230600358441e+00,9.963593317633e-02
1.243186510535e+01,9.837122381994e+01,3.949481197730e+00,2.141079039669e-01
8.198515431836e+00,1.997021634835e+02,2.662998413007e+00,7.548988486563e-01
1.044967586158e+01,7.233323097749e+01,4.195312341319e+00,2.201071044599e+00
8.520594793558e+00,5.437605047316e+03,5.053241431143e+00,2.479766774360e+00
1.055683387785e+01,8.406926674317e+02,3.829630281896e+00,5.020577650333e-01
1.021035593806e+01,1.444431382234e+01,3.692052392948e+00,6.805532777199e-01
7.939764956639e+00,9.711102614485e+01,2.360769719034e+00,1.988696961049e-02
9.689909305173e+00,1.906726282371e+02,6.498285465663e+00,2.086683873944e+00
8.877866967463e+00,2.297002696287e+02,1.191570718518e+00,3.214203235958e+00
8.413827319792e+00,1.249209489533e+00,5.416934574143e+00,5.198736255020e+00
1.650227595676e+01,3.781411779366e+00,1.519220665476e+00,6.132962127630e-01
2.014902729632e+01,2.601550097127e+02,6.343415473552e+00,3.722810674760e-01
1.260055638227e+01,8.660910423186e+02,6.044216620526e+00,8.404566793336e-01
1.224883605869e+01,1.009152021598e+02,3.421984623357e+00,2.594272636018e+00
1.077497192950e+01,7.786627102411e+02,1.026856024426e+00,3.484320808879e-01
2.074987543779e+00,2.003812521559e+01,2.571051066162e+00,3.506333186543e+00
1.503419845324e+01,2.469433801370e+02,6.650749152536e+00,1.340294609906e+00
5.796711519691e+00,5.404391156499e+01,4.822968559430e+00,2.372111639417e-01
1.318047069411e+01,6.817733528684e+01,3.589316755185e+00,4.341514664367e+00
6.194577957648e+00,3.020555840734e+03,5.864588766361e+00,8.374852314220e-01
9.943216713693e+00,5.105211430503e+02,3.443687469482e+00,5.145783841048e+00
1.936483001037e+01,1.622713164826e+03,2.009768771885e+00,2.667040216320e-01
7.616309386334e-01,6.933110685734e+02,3.818851638206e+00,1.021895649430e+00
1.448657960194e+01,4.163111607094e-01,6.973544104662e+00,4.746338527733e+00
2.026994794902e+00,1.237530640044e+03,6.147856965610e+00,9.426376960381e-01
1.384396216752e+01,5.864755734866e+00,6.132817851456e+00,3.853852761981e+00
8.846906557441e+00,5.981087198151e+01,3.697361313988e+00,7.625550255172e-01
3.466448361690e+00,6.798755552896e+03,3.166870489711e+00,2.865279476897e+00
1.124492924675e+01,9.830169953065e+02,4.483287999868e+00,1.304936311894e+00
1.120951734361e+01,1.397677410635e+02,6.676093222635e+00,5.654223482310e-01
1.113074746569e+01,7.003857502629e+01,1.648660187468e+00,1.630746706886e+00
1.897778380696e+01,2.308506768136e+02,5.238007751058e+00,2.411719163670e+00
1.253222132867e+01,3.670963719400e+03,5.659075185281e+00,3.302801647361e+00
7.172689713549e+00,2.822451402474e+02,5.899533907760e+00,1.642212622535e+00
2.309797331814e+00,1.474264761470e+00,4.560585229027e+00,6.189904853641e+00
1.258553331636e+01,5.919934913900e+01,4.648140296184e+00,1.834963501326e+00
1.007412424392e+01,3.692220071345e+01,6.247841870052e+00,5.292116100973e+00
1.068855296402e+01,2.028834818691e+03,6.936359339463e+00,2.596500907716e+00
1.412254187346e+01,1.470854236227e+02,1.647616244577e+00,2.361378468047e+00
1.857026235217e+00,1.189264924344e+03,1.886563551028e+00,5.264312938987e+00
1.148417443286e+01,2.369007638512e+01,1.626668264349e+00,3.153140242424e+00
5.602238228275e+00,3.818127132909e-01,5.648021262537e+00,5.822239602424e-01
7.455326279022e+00,1.773509098698e+01,2.109494311633e+00,9.618327910496e-01
2.016001496788e+00,2.822685382341e+02,4.024664451514e+00,9.621093033172e-01
1.391596550562e+01,6.552495708336e+02,5.200311075519e+00,2.293126385804e+00
5.055347584155e+00,7.771151907692e+00,6.877422933687e+00,6.457036534156e-01
1.608232633612e+01,3.692423850637e+01,2.551616554380e+00,1.685721742907e+00
6.475981410046e+00,9.818719513591e+00,5.385260582213e+00,9.597307825643e-01
1.107447417621e+01,2.116957134165e+01,5.355259927143e+00,4.489470553137e-02
1.048073316741e+01,1.583432123314e+02,3.443651060032e+00,2.821799813885e+00
1.342209153486e+01,1.396236406259e+03,1.182990552696e+00,4.531056028960e-01
1.448146929735e+01,1.634387435563e+00,4.682698626604e+00,7.806784773033e-01
1.233048514672e+01,1.377352878954e+02,3.225177879370e+00,7.718537205422e-01
1.152467243104e+01,3.726753010580e+02,3.633449703517e+00,6.875772572207e-01
1.138849633191e+01,2.024860457543e+03,5.585046564154e+00,2.154650104572e+00
1.344103533077e+01,5.288048236885e+01,4.930639532180e+00,3.322734948578e+00
9.427307367617e+00,1.967987961681e+02,3.194834138542e+00,4.421281789258e+00
1.477009380936e+01,8.461629738249e+01,1.117807233761e+00,6.557221477691e+00
9.798840290621e+00,6.522920558966e+02,4.589360033379e+00,4.320368115943e+00
8.449841566772e+00,3.432251180973e+03,2.630239146830e+00,2.647829566297e-01
1.760911954899e+01,1.638213340140e+00,4.866090671487e+00,3.058152215115e+00
1.317153659969e+01,1.823109210626e+01,3.587084741151e+00,1.440944100227e+00
2.447474911056e+01,7.466850155939e+00,5.564182683356e+00,9.460199018341e+00
-3.502241756791e-01,6.060160946864e+02,2.576650634571e+00,1.087042786476e-01
1.032640229674e+01,1.858979139117e+03,3.707977634300e+00,4.244703900984e+00
3.666022879250e+00,1.176988618770e+03,5.121997301849e+00,3.709671758901e+00
2.639233523117e+00,7.674114952881e+01,2.373716053527e+00,4.686854071562e-01
1.111847184005e+01,5.018597035173e+03,5.406648638569e+00,1.141447035727e+00
1.962246117230e+01,8.446218481710e+02,1.747903897294e+00,1.029617661423e-01
6.808351676376e+00,6.593440042296e+01,3.568936295519e+00,5.551966199801e+00
1.566109937486e+01,2.050347058967e+02,2.889425111991e+00,1.614296487346e-01
1.701656725245e+00,2.901346149424e+02,5.290739197811e+00,2.239233766359e+00
3.306754180943e+00,2.563665025178e+02,5.012484203666e+00,1.477555550581e+00
1.324578641249e+01,2.387223809168e+02,3.122150674923e+00,4.287489281613e-01
1.357504342617e+01,1.002669826766e+02,6.694912807330e+00,2.383036078015e-01
1.045714880838e+01,1.525543489473e+02,4.855953550189e+00,3.018635847259e+00
9.145988133306e+00,9.044939739551e+01,5.710594496751e+00,1.334446668971e+00
9.342930893633e+00,4.046719962913e+02,4.039211432800e+00,1.779368263122e-01
1.005235903835e+01,1.702293265427e+02,6.601422894316e+00,4.544104723200e+00
-1.840722564250e+00,3.960909028187e+02,3.979222427129e+00,2.070685282302e+00
7.442418176602e+00,3.399622470969e+02,3.868649464427e+00,1.982583849501e+00
9.731731389027e+00,3.698895574309e+02,4.112823442868e+00,5.908124746531e-01
1.541691767202e+00,3.738887812333e+02,4.825178622808e+00,5.187054037387e+00
1.241590266224e+01,3.555122660411e+01,6.627272455802e+00,3.314561589275e+00
5.232156684727e+00,1.305380348297e+01,6.740749138648e+00,1.398059410095e-01
1.658742894877e+01,6.172288060042e+02,1.802981345449e+00,7.441186436177e-01
1.064483804932e+00,8.118127805758e+01,4.205181661580e+00,5.991022129057e+00
1.048357085652e+01,5.704532982411e+02,2.991975400065e+00,6.473983926687e-01
1.133776840579e+01,3.011826350124e+02,3.191056321618e+00,2.137271988438e+00
1.242305519814e+01,1.817972756589e+02,3.889863722501e+00,2.507158098540e+00
1.208806242098e+01,4.781305892798e+02,2.550002515063e+00,9.708490409130e+00
1.187850503530e+01,2.686882380827e+02,4.468956510719e+00,5.784458074213e+00
1.315360843991e+01,7.942279734588e+02,4.639676240768e+00,4.713309740309e+00
1.603958746608e+01,4.769791424052e+01,6.181408455317e+00,2.205785949364e+00
9.134787013871e+00,1.013444608294e+03,2.230126241434e+00,1.594589663837e-01
7.555968557258e+00,2.305610280909e+01,1.028569765116e+00,2.571856276903e+00
1.554591807538e+00,1.559064181566e+03,4.993768086731e+00,9.649471144903e-01
7.793708596550e+00,2.135464978843e+02,1.379372541438e+00,1.360839096281e+00
1.301997548456e+01,1.547680617286e+02,2.186356938557e+00,1.112564233465e-01
7.538110007681e+00,3.540714259735e+02,3.400443996027e+00,1.247357171570e+00
1.146866017779e+01,2.616518991719e+02,3.151533668117e+00,1.022417240016e+00
9.302471385389e+00,1.715698827381e+02,4.721162121621e+00,2.005407753943e+00
1.773561282810e+01,1.063727455993e+01,3.205909171966e+00,4.494020967820e+00
1.801283772615e+01,4.811619545359e+02,5.123918136396e+00,2.792171452680e+00
4.891823946585e+00,8.551447837687e+02,1.635214341821e+00,1.624775109851e+00
4.613828189640e+00,2.316576838793e+02,3.802018833321e+00,5.058235733745e-01
1.755039271848e+00,1.110846242121e+03,4.794086893877e+00,1.073815583140e-01
1.247421928764e+01,3.651348241294e+01,3.552251223874e+00,3.752759491450e-01
1.849469938180e+01,2.267281394506e+02,2.343449398144e+00,1.137980434822e-01
1.876861775372e+00,6.710932196392e+01,1.623362750866e+00,9.874443979748e+00
6.780621283700e+00,1.814687133618e+01,4.584690405176e+00,2.527266135772e+00
8.919719256487e+00,1.366479693673e+01,2.677547690224e+00,5.187370642875e-01
8.761427186292e+00,7.811918184332e+01,1.838198470718e+00,2.442882184259e-01
1.224102999460e+01,7.688922985006e+01,6.104627713394e+00,2.545270962524e+00
9.159954619647e+00,1.529248872155e+01,1.472415808494e+00,1.195102856176e+00
7.393748584726e+00,3.697621924093e+02,4.294006765313e+00,1.448669523417e+00
7.746749450099e+00,1.874554692695e+01,6.349790076762e+00,4.223623822149e-01
1.897645375663e+01,2.543270918073e+01,3.995253932644e+00,2.071104138017e+00
1.350986854209e+01,1.481086154695e+04,3.880857118097e+00,4.371484640795e+00
8.993120085878e+00,7.325878275319e+02,1.429086534424e+00,6.238010640696e-01
4.845785002758e+00,6.894773615292e+02,1.648474017365e+00,3.861375124789e-01
2.077018099412e+00,3.333332616674e+01,4.330618147055e+00,3.133189189830e+00
5.108136638005e+00,4.443514124307e+01,3.863339918852e+00,3.590938685130e-02
7.089421858230e-01,1.278009192562e+02,2.391184843277e+00,1.637635482581e+00
4.776585093795e+00,1.420105022997e+03,2.331528132418e+00,1.744240352870e+00
8.799145175371e+00,3.611822694961e+01,1.108860305656e+00,3.084943567592e+00
1.228739740263e+01,3.214605083562e+02,2.651028098866e+00,2.411181454443e-01
1.076302723010e+01,6.004240686674e+01,1.265988882611e+00,1.913711109806e+00
5.712384995289e+00,4.979090215921e+01,4.371719808768e+00,1.001961076752e+00
3.641553538124e+00,7.711681853290e+02,4.983329843467e+00,7.018926618783e-02
8.368438748038e+00,1.985608240944e+01,5.245926697913e+00,4.220478511662e-02
1.374641827252e+01,3.785103924760e+01,6.706320251022e+00,1.384700118733e+00
2.954176906582e+00,3.785094988778e+02,3.922766877959e+00,2.996595233328e-01
1.389162983159e+01,1.911278132688e+02,1.470113481178e+00,9.085235520364e+00
1.175208041025e+01,2.179989529040e+02,5.867556675236e+00,1.704207539729e+00
5.609844407280e+00,5.872346367638e+01,3.500423312442e+00,4.981722881948e+00
1.465373820234e+01,7.007435652534e+02,1.268140049245e+00,2.287132663938e+00
1.388159999192e+01,4.097142860689e+02,6.289015272446e+00,2.760562581718e+00
8.950592789805e+00,8.087076206355e+01,5.166206615063e+00,1.340256664913e+00
1.173603548654e+00,9.232474951553e+00,2.972244359858e+00,1.631385579518e-01
8.254382009999e+00,1.146410378675e+03,2.352158521302e+00,1.856091631712e+00
9.265191195850e+00,4.748040400922e+03,3.078455595214e+00,4.421472004609e+00
1.517453325306e+01,1.967004725717e+03,2.378099731670e+00,2.333544250157e-01
6.340867782194e+00,2.938111318262e+03,2.307357738462e+00,5.485213106221e-01
8.479133532406e+00,1.488842155195e+02,2.434498240998e+00,1.005207649875e+00
9.509521517189e+00,3.302013521355e+00,5.193877876898e+00,5.940788633067e+00
1.073058812113e+01,3.700079534295e+02,2.595733760304e+00,1.201300334740e+00
9.251711913867e+00,4.148339138933e+02,5.501153904590e+00,8.257239534610e-01
7.336592873251e+00,6.363930132260e+02,1.110084135854e+00,5.740335852632e+00
1.086383167587e+01,1.843884663394e+02,1.100434993398e+00,2.623832292356e+00
1.192032907248e+01,1.521688747068e+01,1.412773322929e+00,4.758742871539e+00
1.180160975649e+01,5.446324710602e+00,1.035847224675e+00,4.719565244508e-02
9.082505021669e+00,7.290209543304e+02,1.283861751548e+00,4.786334500530e+00
1.530232241394e+01,1.942424025461e+01,3.046766345598e+00,3.021826310741e+00
1.591832018284e+01,6.854094847520e+02,3.582175003244e+00,2.491684036464e-01
6.475705109458e+00,4.387948721015e+01,2.198213715362e+00,2.733321957172e+00
1.565140525776e+01,2.908722908500e+01,5.743922735369e+00,4.196319475751e-02
7.333820761749e+00,2.028046383032e+01,5.775923501881e+00,1.989909187120e+00
4.947118873377e+00,1.647336324932e+03,2.289704265885e+00,2.028395083039e-01
1.366404563853e+01,3.611299306964e+01,2.906010710784e+00,3.771023390057e-01
1.516934449586e+01,3.231076914247e+00,1.385305281960e+00,1.497960657249e-01
3.792973753530e+00,1.548563997426e+01,4.851037774509e+00,7.876863082824e-01
4.320977001448e+00,2.775548358040e+01,5.050871230011e+00,6.754708439059e-01
9.055067621393e+00,1.277027811027e+03,4.762696718330e+00,4.242346610757e-01
8.517444532818e+00,4.782157372570e+02,1.962752337442e+00,1.997499607909e+00
1.206646081753e+01,2.118082469913e+04,3.346058254565e+00,2.572421677679e-01
9.042423091065e+00,1.001106208522e+01,4.612687247562e+00,1.623065665159e+00
1.377838545772e+01,7.582318772864e+00,3.263511973406e+00,1.899063136141e+00
1.663210175265e+01,3.184314267168e+03,5.839830216613e+00,3.071528960813e+00
4.591591985879e+00,5.492304615853e+02,3.336799208194e+00,3.117256494841e+00
1.388412810575e+01,2.562625291534e+02,3.318424714575e+00,7.448766342279e-02
1.775922603536e+01,6.806700869083e+03,1.357422733804e+00,4.114129101273e+00
-1.416677271997e+00,1.913176964968e+02,5.738577601597e+00,7.888570676656e-01
1.182471646350e+01,3.239475367763e+01,1.674176653654e+00,2.902875535088e+00
9.290543183861e+00,8.256681267581e+01,1.666360242621e+00,7.409156191705e-01
9.989855197280e+00,3.779280249462e+03,3.805504729520e+00,3.588144753011e+00
1.468131880988e+01,8.431638768318e+00,6.866456609503e+00,5.954027210173e-01
5.663516846438e+00,1.088998121682e+03,2.707687752869e+00,3.290573664144e-01
1.044681161869e+01,5.710123609401e+01,3.458875359002e+00,2.388839575941e-01
1.492284275760e+01,1.463087845135e+01,6.975558557360e+00,1.695982918015e-01
1.594323087460e+01,2.475698475463e+01,6.388373190916e+00,1.165938255160e+00
3.069992800216e-01,2.305209183433e+03,5.762040032823e+00,6.564885737365e-01
5.493838181788e+00,5.284622020204e+01,4.997232892893e+00,1.606655357847e+00
1.255116518961e+01,3.989107215077e+00,2.976679629634e+00,6.353165576531e-01
5.140584952381e+00,2.803594763917e+03,4.025445921404e+00,1.344402254854e+00
9.856676103229e+00,6.697934969466e+00,6.628687019389e+00,1.509059255231e+00
1.251411337988e+01,3.452577660080e+02,2.010920880520e+00,5.027974621870e+00
1.184655461438e+01,1.999256740649e+02,2.855346588198e+00,5.704071498855e-01
1.525705503318e+01,1.156068518309e+01,4.428145124784e+00,3.244165532920e-01
5.489736741927e+00,1.085586313225e+00,4.702891671755e+00,9.505141643334e-01
1.374691572975e+01,5.249871457855e+01,1.027492566101e+00,3.873946740736e-01
1.316754364868e+01,7.001640662988e+01,4.577915023042e+00,1.275643572564e+00
1.375081787560e+01,8.715924353815e+00,5.944222895702e+00,3.551366221930e+00
1.056153665214e+01,1.990844561507e+01,3.288228725874e+00,4.987825603982e+00
4.879998240242e+00,8.010612675371e-01,5.725439207232e+00,2.025042781034e+00
1.533086223301e+01,4.903234642630e+03,5.520703203303e+00,1.391062841691e+00
8.959910270285e+00,7.680852965248e+01,2.626247565999e+00,2.027279084309e+00
9.064021237858e+00,1.214866396130e+01,3.867474483312e+00,2.208470836110e+00
1.548169206974e+01,2.444718310048e+01,1.187431120179e+00,2.753793326267e+00
1.833284697810e+01,3.773673921936e+02,1.456151841720e+00,5.612485819453e+00
1.889970819317e+01,8.535943913749e+01,2.791959634240e+00,2.836098743480e+00
1.613192362651e+00,1.458174427737e+01,2.933369612942e+00,5.385312985118e+00
1.146124545127e+01,6.590627447174e+02,3.506268874635e+00,5.168864427089e+00
1.221808797877e+01,3.451621906122e+03,4.610519711080e+00,2.756646066450e+00
1.161475337369e+01,4.822082603241e+02,1.334556461650e+00,2.216832526024e+00
3.789928516022e+00,5.710899642336e+02,3.918282771611e+00,6.727533380649e-01
1.109493643233e+01,2.081028710044e+02,2.966462279373e+00,4.193503141289e-01
1.311082838696e+01,1.764249849572e+01,4.352388503860e+00,4.731864525337e+00
-4.289120326356e-01,1.860115803248e+04,4.862433881320e+00,3.122787051216e+00
1.027611134048e+01,8.493890517363e+02,6.031404509736e+00,1.191306972895e+00
4.644308785223e+00,3.245717119574e+02,3.759388671713e+00,1.727549731978e+00
5.695831224920e-01,7.212137828721e+02,6.193582793370e+00,7.410708566098e+00
1.631733633470e+01,7.876616248379e+00,4.852966841567e+00,3.363703034787e+00
8.037458754279e+00,1.491568740640e+02,6.857595080662e+00,9.507922349116e-01
7.752668587658e+00,4.525148048898e+02,1.728384077220e+00,2.435329163867e+00
9.230985764762e+00,1.980930168018e+01,6.177719093177e+00,2.900397448985e-01
9.006734913419e+00,4.672810317806e+02,2.343688493201e+00,3.797653857127e-02
1.540489712670e+01,3.361972527628e+01,2.320470087350e+00,5.806494634654e-01
8.434837272102e+00,2.398089521023e+04,1.263557640026e+00,1.105844106871e+00
1.820569348966e+01,2.540601341164e+03,4.013379509647e+00,1.461179689014e+00
1.028398294849e+01,5.211595970324e+02,2.221041383301e+00,2.334535221754e+00
1.449540895250e+01,1.092962985781e+01,5.014856350951e+00,2.924479177878e+00
9.645097676152e+00,5.095421222978e+01,1.733803934060e+00,2.433388161946e+00
