1.795687209703e+01,-9.999716704698e-01,7.527167981888e-03,
2.130828207997e+01,-8.378824186838e-01,-5.458507602455e-01,
8.074324371999e+00,1.608589504376e-01,9.869774050423e-01,
1.297989473809e+01,-6.400955847263e-01,7.682952833474e-01,
1.005608066231e+01,-1.832789272888e-01,9.830609517277e-01,
1.329344158925e+01,-6.811607631399e-01,7.321338776199e-01,
1.598119686831e+01,-9.385651326344e-01,3.451021469115e-01,
8.019752016960e+00,1.702521486482e-01,9.854005306882e-01,
1.751599638426e+01,-9.964341450145e-01,8.437413495409e-02,
1.294124117531e+01,-6.348978924583e-01,7.725960562623e-01,
8.395674053570e+00,1.052793174085e-01,9.944426908203e-01,
6.860363430464e+00,3.648177261914e-01,9.310789583363e-01,
1.198756859436e+01,-4.981198182826e-01,8.671082092992e-01,
1.023257260627e+01,-2.134690626436e-01,9.769498243482e-01,
2.192776960677e+00,9.276553685411e-01,3.734374341397e-01,
2.047811722497e+00,9.368058744002e-01,3.498496158199e-01,
4.145903113280e+00,7.494293301989e-01,6.620843443532e-01,
1.095691151562e+01,-3.349437123050e-01,9.422381384700e-01,
4.793233261700e+00,6.700078073849e-01,7.423540516784e-01,
9.736545700163e+00,-1.281977055168e-01,9.917486316100e-01,
8.856756619274e+00,2.499808195383e-02,9.996874991209e-01,
1.501903035287e+01,-8.676813353804e-01,4.971208105003e-01,
4.791445332649e+00,6.702394281878e-01,7.421449379349e-01,
2.085908242474e+01,-8.780596252789e-01,-4.785512453804e-01,
8.308380519970e+00,1.204174394628e-01,9.927233452847e-01,
6.063481987072e+00,4.903742077286e-01,8.715119829323e-01,
1.354421703258e+01,-7.125426454808e-01,7.016288038352e-01,
1.096983511025e+01,-3.370681639942e-01,9.414802455822e-01,
1.861754242224e+01,-9.941971964923e-01,-1.075729263656e-01,
4.570514576859e+00,6.983510058174e-01,7.157554559162e-01,
1.387412330945e+01,-7.517389112742e-01,6.594608474173e-01,
8.513211896138e+00,8.485837687682e-02,9.963930227946e-01,
7.710132761672e+00,2.232275294836e-01,9.747663669212e-01,
1.288919579847e+01,-6.278538175316e-01,7.783312815319e-01,
1.573580557665e+01,-9.229286406086e-01,3.849710694900e-01,
1.063546050098e+01,-2.815813114771e-01,9.595373703128e-01,
1.147003240042e+01,-4.178722113537e-01,9.085058144989e-01,
1.199123308327e+01,-4.986742962045e-01,8.667894475044e-01,
1.130674260081e+01,-3.918141131729e-01,9.200444014930e-01,
6.810842838304e+00,3.728512910121e-01,9.278911114946e-01,
7.984423461350e+00,1.763248495882e-01,9.843320310839e-01,
-5.383506863659e+00,5.901116463351e-01,-8.073216489477e-01,
1.345555942967e+01,-7.016010036655e-01,7.125700187739e-01,
1.014494160802e+01,-1.985027244773e-01,9.801003358713e-01,
1.262056290643e+01,-5.906849451549e-01,8.069022837787e-01,
9.934918668456e+00,-1.624509470766e-01,9.867166208157e-01,
1.467081872908e+01,-8.358858055499e-01,5.489033795489e-01,
1.568668733452e+01,-9.195945063602e-01,3.928688634548e-01,
3.745363959641e+00,7.938456547778e-01,6.081192945389e-01,
4.864279296217e+00,6.607514394066e-01,7.506047797091e-01,
8.387942911980e+00,1.066210612237e-01,9.942997281019e-01,
9.817659670753e+00,-1.422246333558e-01,9.898344071949e-01,
1.453905478298e+01,-8.230426793043e-01,5.679795313598e-01,
6.852016651353e+00,3.661737230414e-01,9.305465085390e-01,
4.182583507954e+00,7.451753796188e-01,6.668685429753e-01,
1.620304750952e+01,-9.512207450380e-01,3.085110925224e-01,
5.904955056528e+00,5.142965865378e-01,8.576123955935e-01,
1.140644059476e+01,-4.077632985369e-01,9.130876695950e-01,
1.063125428410e+01,-2.808768168877e-01,9.597438271409e-01,
1.731811725832e+01,-9.929265469050e-01,1.187302507840e-01,
8.982294035143e+00,3.090268921394e-03,9.999952251076e-01,
2.138018055020e+01,-8.309669388996e-01,-5.563218011689e-01,
1.585510669451e+01,-9.307438559146e-01,3.656718128010e-01,
1.324659294063e+01,-6.751516706238e-01,7.376789421245e-01,
1.361877513302e+01,-7.216122455040e-01,6.922974556783e-01,
1.757008895965e+01,-9.971862975537e-01,7.496324413406e-02,
-1.145061259564e+00,9.800961902986e-01,-1.985231920007e-01,
6.749129865415e+00,3.828237348887e-01,9.238214048212e-01,
2.811010536957e+00,8.820437790040e-01,4.711674563468e-01,
1.698972391325e+01,-9.844947285704e-01,1.754141653832e-01,
1.035081893394e+01,-2.335843432138e-01,9.723365439010e-01,
1.440034923959e+01,-8.090528206210e-01,5.877359385347e-01,
1.387862045761e+01,-7.522562907580e-01,6.588706041515e-01,
7.805324604744e+00,2.070025901737e-01,9.783403945771e-01,
1.101794522008e+01,-3.449616080981e-01,9.386167955765e-01,
1.184326367751e+01,-4.761251965824e-01,8.793775055000e-01,
1.265886673142e+01,-5.960660718837e-01,8.029353884025e-01,
9.816422497996e+00,-1.420108976915e-01,9.898650943118e-01,
1.445833076995e+01,-8.149589959085e-01,5.795186235039e-01,
1.059605579268e+01,-2.749755637354e-01,9.614512152722e-01,
1.260434782925e+01,-5.883989969353e-01,8.085707269037e-01,
1.036197912362e+01,-2.354778360086e-01,9.718797192805e-01,
1.636024920782e+01,-9.593262540658e-01,2.822997312435e-01,
1.490600539536e+01,-8.577066613688e-01,5.141393615000e-01,
6.839349245129e+00,3.682301526044e-01,9.297346689852e-01,
9.815604848475e+00,-1.418696358028e-01,9.898853501478e-01,
1.492153215892e+01,-8.590967927150e-01,5.118131502284e-01,
2.051629245074e+01,-9.051023802839e-01,-4.251936984533e-01,
4.540186669287e+00,7.021298548590e-01,7.120489217151e-01,
1.533147094098e+01,-8.934867114885e-01,4.490896306903e-01,
-1.164176384626e-01,9.997935820937e-01,-2.031731291785e-02,
1.951938375817e+01,-9.650446885138e-01,-2.620853852684e-01,
5.979484393831e+00,5.030977209014e-01,8.642295315620e-01,
1.438776163166e+01,-8.077596415088e-01,5.895119689621e-01,
1.724598356906e+01,-9.913531189954e-01,1.312211623863e-01,
6.033368027967e+00,4.949479736565e-01,8.689226106929e-01,
7.164962702556e+00,3.148270449499e-01,9.491490566650e-01,
1.746893984166e+01,-9.957075895753e-01,9.255482733058e-02,
2.219900438709e+01,-7.432610872315e-01,-6.690014620368e-01,
1.795252147929e+01,-9.999656666159e-01,8.286470268167e-03,
1.031947088616e+01,-2.282609612807e-01,9.735999864191e-01,
5.544530291287e+00,5.671927260463e-01,8.235850967084e-01,
1.173447644582e+01,-4.593436796865e-01,8.882586244625e-01,
1.224245596220e+01,-5.361886637555e-01,8.440981677863e-01,
5.153386675942e+00,6.220519388324e-01,7.829759800881e-01,
1.298517786804e+01,-6.408037423216e-01,7.677047374002e-01,
9.127402915929e-01,9.873380513877e-01,1.586303006427e-01,
1.408719791751e+01,-7.757378787040e-01,6.310552618779e-01,
9.358119102543e+00,-6.246288539936e-02,9.980472874306e-01,
2.346650489089e+00,9.172930263466e-01,3.982128875562e-01,
2.343958223260e+01,-5.821822551740e-01,-8.130583138746e-01,
1.593979947371e+00,9.615507767372e-01,2.746272086958e-01,
9.325721525946e+00,-5.681851461050e-02,9.983845233163e-01,
3.256956986888e+00,8.427384225626e-01,5.383232775356e-01,
1.898799958769e+00,9.455867440375e-01,3.253701115661e-01,
1.017055987291e+01,-2.028829803758e-01,9.792029903313e-01,
1.043692340681e+01,-2.481697543277e-01,9.687165597000e-01,
1.690056223447e+01,-9.816459025080e-01,1.907126689269e-01,
1.195961187167e+01,-4.938829648447e-01,8.695283877115e-01,
6.296445230631e+00,4.545432144235e-01,8.907246859842e-01,
9.706154503225e+00,-1.229354296916e-01,9.924146714587e-01,
1.767585009974e+01,-9.984000710994e-01,5.654465517405e-02,
1.042353218851e+01,-2.459049859910e-01,9.692939378046e-01,
1.800437918757e+01,-9.999997079133e-01,-7.643123421735e-04,
8.549119562554e+00,7.861228642491e-02,9.969052655208e-01,
1.426860280098e+01,-7.953256825505e-01,6.061823642070e-01,
4.763737587289e+00,6.738205260667e-01,7.388950525285e-01,
4.663321642318e+00,6.866661739078e-01,7.269728781810e-01,
7.818344492560e+00,2.047788777893e-01,9.788082606984e-01,
9.483839605297e+00,-8.434561177054e-02,9.964365598346e-01,
1.567003241383e+01,-9.184486190403e-01,3.955403066478e-01,
1.083944622950e+00,9.821580121703e-01,1.880575420705e-01,
1.914203212924e+01,-9.802010091545e-01,-1.980050041097e-01,
1.406523044057e+00,9.700196728294e-01,2.430264066394e-01,
1.097128205857e+01,-3.373059147800e-01,9.413950923254e-01,
1.232702400405e+01,-5.485886178598e-01,8.360924161567e-01,
1.157027915633e+01,-4.337029863212e-01,9.010558915273e-01,
9.457705246874e+00,-7.979969802287e-02,9.968109189788e-01,
8.451569070688e+00,9.557315520435e-02,9.954224088317e-01,
5.339870695097e+00,5.962429927688e-01,8.028040194058e-01,
7.781341891617e+00,2.110958756865e-01,9.774653606487e-01,
1.987807480558e+01,-9.467574911103e-01,-3.219475936026e-01,
3.947534472166e+00,7.718982264365e-01,6.357461191578e-01,
3.233015561593e+00,8.449804786206e-01,5.347971491604e-01,
3.417205218298e+00,8.273546497012e-01,5.616798764580e-01,
1.296235153311e+01,-6.377401700629e-01,7.702515663652e-01,
1.259616840604e+01,-5.872440994403e-01,8.094098885439e-01,
1.494562602853e+01,-8.612414535886e-01,5.081959844594e-01,
6.551870534206e+00,4.143961456818e-01,9.100966072039e-01,
1.101610123967e+01,-3.446595102248e-01,9.387277677855e-01,
1.154673689255e+01,-4.299969869274e-01,9.028303225044e-01,
9.818288457207e+00,-1.423332608261e-01,9.898187929427e-01,
1.062225324485e+01,-2.793687347501e-01,9.601838938683e-01,
9.464625647428e+00,-8.100362538115e-02,9.967138068047e-01,
1.408218584096e+01,-7.751855522524e-01,6.317336144129e-01,
8.880469712724e+00,2.086045745699e-02,9.997823969818e-01,
1.437290599383e+01,-8.062284426894e-01,5.916043426130e-01,
1.067691846883e+01,-2.885168813145e-01,9.574748086485e-01,
3.941393030891e+00,7.725792287849e-01,6.349183689657e-01,
4.817280840336e+00,6.668861853295e-01,7.451595908372e-01,
5.396089646215e+00,5.883372577139e-01,8.086156510887e-01,
7.426924274903e+00,2.711171946185e-01,9.625463452646e-01,
1.013616647528e+01,-1.970014199921e-01,9.804032030349e-01,
1.585257232433e+01,-9.305820168731e-01,3.660834739132e-01,
1.144098903228e+01,-4.132616246959e-01,9.106123376902e-01,
1.591668970564e+01,-9.346203554343e-01,3.556470036538e-01,
1.125025268324e+01,-3.827241765077e-01,9.238626546822e-01,
1.265083625773e+01,-5.949401069477e-01,8.037700349883e-01,
1.834895727682e+00,9.491568353060e-01,3.148035927239e-01,
1.258938221161e+01,-5.862850110615e-01,8.101048609931e-01,
9.384102226707e+00,-6.698828288864e-02,9.977537621857e-01,
9.469852959356e+00,-8.191293146554e-02,9.966394893133e-01,
1.265340206075e+01,-5.952999892524e-01,8.035035300458e-01,
6.981622304426e+00,3.450324550496e-01,9.385907547821e-01,
8.165085372594e+00,1.452049276844e-01,9.894016014623e-01,
1.638394445201e+01,-9.604855258282e-01,2.783299385165e-01,
8.764812852951e+00,4.103637457389e-02,9.991576532069e-01,
1.219063897026e+01,-5.285330099036e-01,8.489127501942e-01,
4.619342137515e+00,6.922260408529e-01,7.216807523865e-01,
1.364373827996e+01,-7.246216515639e-01,6.891469089278e-01,
9.583755418421e+00,-1.017083641819e-01,9.948142583696e-01,
1.820677953365e+00,9.499350877878e-01,3.124473219432e-01,
8.134717758136e+00,1.504468391154e-01,9.886181004818e-01,
1.157825108903e+01,-4.349562635053e-01,9.004515805070e-01,
1.351726969947e+01,-7.092348785207e-01,7.049722598016e-01,
1.027485125013e+01,-2.206721133537e-01,9.753480498714e-01,
1.127310990023e+01,-3.864067206635e-01,9.223284914964e-01,
1.334617456305e+01,-6.878701154411e-01,7.258337993528e-01,
1.230608544592e+01,-5.455294886148e-01,8.380916280764e-01,
1.483569440445e+01,-8.513329349548e-01,5.246258036555e-01,
1.175919432271e+01,-4.631714150613e-01,8.862687178673e-01,
1.206478217437e+01,-5.097596540075e-01,8.603168574113e-01,
9.937750561475e+00,-1.629386203625e-01,9.866362075225e-01,
9.098967157186e+00,-1.727216853234e-02,9.998508249705e-01,
5.191722241873e+00,6.167993041136e-01,7.871204599329e-01,
1.556262051224e+01,-9.108725053327e-01,4.126878711920e-01,
8.865211842941e+00,2.352280151208e-02,9.997233006232e-01,
7.432811805653e-03,9.999991585449e-01,1.297270023033e-03,
9.001782946211e+00,-3.111828126569e-04,9.999999515826e-01,
1.237106805112e+01,-5.549995024467e-01,8.318506790788e-01,
3.688345993208e+00,7.998579536600e-01,6.001893484284e-01,
1.216929805708e+01,-5.253674124298e-01,8.508754797012e-01,
8.601291585217e+00,6.953159694948e-02,9.975797497071e-01,
8.605106745399e+00,6.886732209193e-02,9.976258276267e-01,
8.551842671563e+00,7.813847622436e-02,9.969425151599e-01,
1.297408320517e+01,-6.393159707344e-01,7.689441394302e-01,
4.420674866888e+00,7.168284860457e-01,6.972495404039e-01,
1.842940769939e+01,-9.971928791946e-01,-7.487564145734e-02,
8.991001366151e+00,1.570557242795e-03,9.999987666742e-01,
1.268801998355e+01,-6.001438360038e-01,7.998921027905e-01,
1.243664796868e+01,-5.644841825043e-01,8.254438852535e-01,
6.343462798530e+00,4.472186039926e-01,8.944246867361e-01,
7.893645350828e+00,1.918975960972e-01,9.814149543451e-01,
7.078712333791e+00,3.290788777188e-01,9.443024368492e-01,
1.153238463972e+01,-4.277341038436e-01,9.039046058126e-01,
1.244813093822e+01,-5.661373662647e-01,8.243109137448e-01,
1.653096595147e+01,-9.673105201665e-01,2.535948689842e-01,
1.490187429445e+01,-8.573357372290e-01,5.147576455674e-01,
1.386223110974e+01,-7.503685289881e-01,6.610197203596e-01,
2.435251100031e+01,-4.458055632938e-01,-8.951298228393e-01,
2.114530199907e+00,9.326686049025e-01,3.607343529930e-01,
-1.394478477107e+00,9.705284128031e-01,-2.409867215052e-01,
3.261044920456e+00,8.423541257406e-01,5.389244166373e-01,
1.024985957685e+01,-2.164156863584e-01,9.763013114290e-01,
1.694271496637e+01,-9.830224043303e-01,1.834855650583e-01,
1.545133091476e+01,-9.026852627519e-01,4.303014250621e-01,
1.151412360822e+01,-4.248510555859e-01,9.052632658888e-01,
1.519576598980e+01,-8.826004244435e-01,4.701239100196e-01,
1.009140060600e+01,-1.893354789736e-01,9.819124586244e-01,
8.994160801190e+00,1.019132272713e-03,9.999994806846e-01,
9.846795300812e+00,-1.472562062220e-01,9.890983822295e-01,
1.295630212824e+01,-6.369265674903e-01,7.709244759540e-01,
1.223639332524e+01,-5.352951983592e-01,8.446650523217e-01,
3.591110270457e+00,8.099279987352e-01,5.865293145826e-01,
6.332260558528e+00,4.489664912156e-01,8.935485939587e-01,
1.014590710964e+01,-1.986678801515e-01,9.800668719001e-01,
5.011467938218e+00,6.412530600826e-01,7.673294683086e-01,
6.795036350865e+00,3.754096908476e-01,9.268589774166e-01,
1.148955335905e+01,-4.209651047860e-01,9.070768327725e-01,
5.588457503761e+00,5.608619016500e-01,8.279093714155e-01,
2.088917351958e+00,9.342718660452e-01,3.565614677954e-01,
6.897128974231e+00,3.588357109741e-01,9.334007352310e-01,
1.087318718457e+01,-3.211398443329e-01,9.470317842511e-01,
1.213733327297e+01,-5.206123058503e-01,8.537931991983e-01,
1.297610723067e+01,-6.395875673458e-01,7.687182472770e-01,
1.475853930288e+01,-8.441912945208e-01,5.360420303066e-01,
8.312517416866e+00,1.197006373451e-01,9.928100308816e-01,
1.124011675924e+01,-3.810892169769e-01,9.245382678418e-01,
6.568577705276e+00,4.117405901746e-01,9.113010953591e-01,
8.492991163007e+00,8.837429513420e-02,9.960873375159e-01,
8.782393497347e+00,3.797036956902e-02,9.992788654999e-01,
6.529190203763e+00,4.179954746351e-01,9.084491087477e-01,
8.490714352627e+00,8.877011171449e-02,9.960521408371e-01,
6.189237636689e+00,4.711292506440e-01,8.820641865463e-01,
6.378585597480e+00,4.417273363668e-01,8.971493522855e-01,
1.505270212656e+01,-8.705878310419e-01,4.920130368615e-01,
2.112682185795e+01,-8.547468709463e-01,-5.190450718458e-01,
3.184526904525e+00,8.494760832044e-01,5.276271259741e-01,
1.436105461488e+00,9.687519781431e-01,2.480314593832e-01,
9.987727774055e+00,-1.715384138460e-01,9.851774320269e-01,
5.203415217894e+00,6.151916580125e-01,7.883775896814e-01,
1.198823852953e+01,-4.982212021506e-01,8.670499603411e-01,
1.581380162097e+01,-9.280835300323e-01,3.723720737149e-01,
9.964073942493e+00,-1.674697842633e-01,9.858772090675e-01,
1.456851534545e+01,-8.259522452732e-01,5.637400895166e-01,
1.446053403971e+01,-8.151817855450e-01,5.792051937921e-01,
6.416801085069e+00,4.357336938693e-01,9.000756346147e-01,
1.077157698277e+01,-3.042952555852e-01,9.525777645045e-01,
1.079560174936e+01,-3.082868348032e-01,9.512934497236e-01,
1.893617933396e+01,-9.866808532332e-01,-1.626680480701e-01,
7.184002508769e+00,3.116712207951e-01,9.501900073817e-01,
1.018597744817e+01,-2.055171550447e-01,9.786535132427e-01,
9.945479543480e+00,-1.642694063014e-01,9.864155119185e-01,
8.542307929887e+00,7.979740557820e-02,9.968111024979e-01,
6.415674596304e+00,4.359106487584e-01,8.999899478878e-01,
1.278279537475e+01,-6.132924854166e-01,7.898558902303e-01,
1.367039836633e+00,9.716713518018e-01,2.363361675402e-01,
1.132015342565e+01,-3.939665218973e-01,9.191247900172e-01,
7.344543635724e+00,2.849283144034e-01,9.585488279953e-01,
9.464405595685e+00,-8.096534525745e-02,9.967169171171e-01,
1.787421104739e+01,-9.997590137312e-01,2.195255026574e-02,
6.002181636664e+00,4.996702094958e-01,8.662157247143e-01,
1.489267452103e+01,-8.565081049183e-01,5.161335739993e-01,
3.454559083938e+00,8.236752325181e-01,5.670618232047e-01,
5.194598553402e+00,6.164040832285e-01,7.874300008123e-01,
9.622793895029e+00,-1.084841173729e-01,9.940981824135e-01,
7.003964809977e+00,3.413698037025e-01,9.399290702601e-01,
6.319004126503e+00,4.510326766420e-01,8.925074367203e-01,
5.908055932824e+00,5.138323671153e-01,8.578906098709e-01,
1.127590345860e+00,9.806969797130e-01,1.955337157165e-01,
2.332703028079e+00,9.182596736709e-01,3.959787515888e-01,
1.845526536025e+01,-9.968448105442e-01,-7.937520829062e-02,
1.696425912874e+01,-9.837053894359e-01,1.797879495262e-01,
7.432484033255e+00,2.701830497962e-01,9.628089735783e-01,
1.207598172423e+01,-5.114403320170e-01,8.593187922921e-01,
1.214599188094e+01,-5.219019735613e-01,8.530054689114e-01,
5.559813458890e+00,5.649938668123e-01,8.250951038907e-01,
1.753217450307e+01,-9.966684125388e-01,8.156025654332e-02,
1.693304052731e+01,-9.827111862782e-01,1.851451440456e-01,
1.370389903018e+01,-7.318176383604e-01,6.815005093061e-01,
1.251751642343e+01,-5.760780575917e-01,8.173946853029e-01,
6.265032582619e+00,4.594197935057e-01,8.882192597187e-01,
7.745583848904e+00,2.171920431627e-01,9.761288933265e-01,
1.528839874806e+01,-8.900854581731e-01,4.557936782678e-01,
9.886669417454e+00,-1.541360627644e-01,9.880496314232e-01,
1.796768518533e+01,-9.999840952471e-01,5.639969230670e-03,
1.378693249104e+01,-7.416168007726e-01,6.708237628557e-01,
3.573164016160e+00,8.117611570418e-01,5.839895751794e-01,
1.336495284088e+01,-6.902452846391e-01,7.235754604971e-01,
6.333781032991e+00,4.487293518675e-01,8.936677060141e-01,
1.317443175580e+01,-6.658076707532e-01,7.461234117531e-01,
-2.793391804088e+00,8.834884694623e-01,-4.684529051327e-01,
9.093766814936e+00,-1.636466599353e-02,9.998660898875e-01,
1.840232267466e+01,-9.975356901903e-01,-7.016086371090e-02,
8.695441330631e+00,5.313048709965e-02,9.985875782026e-01,
9.328509305662e+00,-5.730428118909e-02,9.983567595591e-01,
1.064653866512e+01,-2.834360537049e-01,9.589911383637e-01,
8.563754146310e+00,7.606572067008e-02,9.971028062035e-01,
7.933396381659e+00,1.850841091670e-01,9.827226834331e-01,
7.632132980501e+00,2.364764458968e-01,9.716372216707e-01,
1.398111329263e+01,-7.639214306584e-01,6.453092652216e-01,
1.779385444585e+01,-9.993528188857e-01,3.597142456437e-02,
8.330569550604e+00,1.165720100640e-01,9.931822423250e-01,
1.348909169419e+01,-7.057592692120e-01,7.084517301280e-01,
1.754092587837e+01,-9.967918252878e-01,8.003784754333e-02,
8.755931220115e+00,4.258515625611e-02,9.990928407644e-01,
2.003649528958e+01,-9.374950312472e-01,-3.479986585993e-01,
1.070888676720e+01,-2.938546131369e-01,9.558501275504e-01,
1.258390259398e+01,-5.855099800782e-01,8.106651979879e-01,
3.906004295702e+00,7.764860402494e-01,6.301344533493e-01,
1.292391291750e+01,-6.325583903513e-01,7.745126743935e-01,
8.131931055421e+00,1.509276568482e-01,9.885448105161e-01,
2.023686853457e+01,-9.247541671761e-01,-3.805650145381e-01,
1.050371958716e+01,-2.594460603192e-01,9.657575999105e-01,
6.900499668866e+00,3.582865318764e-01,9.336116757389e-01,
8.940681240269e+00,1.035289170489e-02,9.999464073806e-01,
8.844124221900e+00,2.720209968388e-02,9.996299544195e-01,
1.745137209054e+01,-9.954191224841e-01,9.560737729391e-02,
1.345757977903e+01,-7.018522246891e-01,7.123225776984e-01,
1.877785144874e+01,-9.907986631919e-01,-1.353440394590e-01,
5.100114621122e+00,6.293048439948e-01,7.771585509564e-01,
1.552792856001e+01,-9.083570448002e-01,4.181955035171e-01,
9.475451712927e+00,-8.288677526169e-02,9.965589709027e-01,
1.300781735701e+01,-6.438321915281e-01,7.651667198409e-01,
1.979908062519e+01,-9.511060892811e-01,-3.088643827513e-01,
1.356780272721e+01,-7.154248413012e-01,6.986896996874e-01,
1.335433727061e+01,-6.889034842923e-01,7.248530812033e-01,
1.817670288456e+01,-9.995244703568e-01,-3.083558265900e-02,
2.066319074733e+01,-8.939047454349e-01,-4.482569643507e-01,
4.991939931813e+00,6.438646042480e-01,7.651394457199e-01,
1.931808463901e+01,-9.736551846964e-01,-2.280253962035e-01,
3.871089679151e+00,7.803114815192e-01,6.253910710982e-01,
8.589758417427e+00,7.153950047514e-02,9.974377674180e-01,
2.004329428707e+01,-9.370814190516e-01,-3.491108907902e-01,
2.003474138476e+00,9.394850636096e-01,3.425898644947e-01,
3.610820718045e+00,8.079054777552e-01,5.893120896547e-01,
1.034480941883e+01,-2.325643717103e-01,9.725810058864e-01,
-8.242541434056e-01,9.896700578064e-01,-1.433637913891e-01,
1.018018469907e+01,-2.045276065722e-01,9.788607961043e-01,
7.275636378819e+00,2.964354999822e-01,9.550528751594e-01,
7.994219919644e+00,1.746415773129e-01,9.846320731490e-01,
2.116274930597e+01,-8.514754043878e-01,-5.243945420413e-01,
1.719937488454e+01,-9.902528786129e-01,1.392811415762e-01,
1.075595343495e+01,-3.016966160644e-01,9.534039814556e-01,
1.024896063548e+01,-2.162625070311e-01,9.763352539229e-01,
9.078409236756e+00,-1.368456630559e-02,9.999063619385e-01,
1.096027244737e+00,9.817592499600e-01,1.901283122472e-01,
6.498583319320e+00,4.228423401478e-01,9.062032638312e-01,
1.205478651855e+01,-5.082579951523e-01,8.612048596959e-01,
1.799036421492e+01,-9.999985858390e-01,1.681760963845e-03,
7.639887442360e+00,2.351612072448e-01,9.719563810209e-01,
7.997988879142e+00,1.739938411868e-01,9.847467406542e-01,
1.776286051346e+01,-9.991436121586e-01,4.137683267972e-02,
1.607642901776e+01,-9.441712193862e-01,3.294551691549e-01,
1.479255616428e+01,-8.473589124847e-01,5.310205960532e-01,
5.701432797848e+00,5.444292913036e-01,8.388067398219e-01,
5.444663071050e+00,5.814610277182e-01,8.135742579782e-01,
1.201493334464e+01,-5.022554734180e-01,8.647192835953e-01,
8.565265370875e+00,7.580272374261e-02,9.971228344959e-01,
1.712161602055e+00,9.556820139723e-01,2.944008970261e-01,
1.328053262313e+01,-6.795095090541e-01,7.336667002836e-01,
9.742792647901e+00,-1.292789307163e-01,9.916082684573e-01,
-7.717549069130e-01,9.909421147322e-01,-1.342897064186e-01,
4.279694241066e-01,9.972116435378e-01,7.462531736980e-02,
4.342085418766e+00,7.263245406964e-01,6.873519197487e-01,
1.072303675189e+00,9.825380666715e-01,1.860616767135e-01,
1.135691656870e+01,-3.998558245797e-01,9.165780488042e-01,
1.360457472325e+01,-7.198942138997e-01,6.940837995471e-01,
1.550681856269e+01,-9.068100877869e-01,4.215393987374e-01,
9.997356017738e+00,-1.731937078798e-01,9.848877801815e-01,
1.044527782031e+01,-2.495819952180e-01,9.683536686888e-01,
7.856573726252e+00,1.982435047929e-01,9.801528007446e-01,
8.364876178792e+00,1.106231420278e-01,9.938624253124e-01,
1.429201598097e+01,-7.977961212298e-01,6.029273164741e-01,
7.430785442983e+00,2.704684721989e-01,9.627288328218e-01,
1.762637349202e+01,-9.978745729779e-01,6.516392103126e-02,
7.355030537605e+00,2.831733969425e-01,9.590687291660e-01,
1.895576946629e+01,-9.861189048933e-01,-1.660406739687e-01,
3.397681650372e+00,8.292637699797e-01,5.588574056046e-01,
1.250250503632e+01,-5.739345240628e-01,8.189011918961e-01,
1.242547661362e+01,-5.628736854253e-01,8.265429294693e-01,
5.089290151245e+00,6.307719485165e-01,7.759682654366e-01,
7.337395377521e+00,2.861239840108e-01,9.581926036939e-01,
1.486869124476e+01,-8.543401388298e-01,5.197142745628e-01,
1.776308775686e+00,9.523261363375e-01,3.050818415582e-01,
6.887280732664e+00,3.604395488767e-01,9.327825746687e-01,
6.290426071704e+00,4.554787065978e-01,8.902466780820e-01,
6.045634246981e+00,4.930865999701e-01,8.699802324938e-01,
1.129408771105e+01,-3.897810617225e-01,9.209075544931e-01,
1.217814605114e+01,-5.266807637869e-01,8.500631582752e-01,
1.780317663553e+01,-9.994100226572e-01,3.434540161792e-02,
1.749421178341e+01,-9.961061420347e-01,8.816208822841e-02,
3.651089951210e+00,8.037436915225e-01,5.949756955857e-01,
1.146466304235e+01,-4.170206401427e-01,9.088970160007e-01,
1.908079964993e+01,-9.822610892436e-01,-1.875184059176e-01,
4.613631810513e+00,6.929449529023e-01,7.209904938675e-01,
2.815807441090e+00,8.816490001841e-01,4.719057538050e-01,
1.108017171684e+01,-3.551349792008e-01,9.348150333344e-01,
1.180995341030e+01,-4.710047082451e-01,8.821306959918e-01,
1.448126063792e+01,-8.172717068210e-01,5.762525116907e-01,
7.445830497313e+00,2.679395540733e-01,9.634357245624e-01,
1.183253164731e+01,-4.744772067895e-01,8.802677889354e-01,
9.350006976981e+00,-6.104975497643e-02,9.981347240815e-01,
6.167706518931e+00,4.744406155396e-01,8.802875111726e-01,
2.775158067532e+00,8.849747917581e-01,4.656389351769e-01,
9.843700675607e+00,-1.467219588958e-01,9.891777730913e-01,
1.856279183531e+01,-9.951797328909e-01,-9.806782980740e-02,
1.673108083069e+01,-9.755759984954e-01,2.196621750772e-01,
1.192647205797e+01,-4.888453892960e-01,8.723704404460e-01,
1.777798765592e+01,-9.992493722007e-01,3.873876813270e-02,
1.338699203193e+01,-6.930234509941e-01,7.209150410223e-01,
2.529594775144e+01,-2.930479788424e-01,-9.560977366862e-01,
1.078424185981e+01,-3.064001245959e-01,9.519028120809e-01,
8.524718069897e+00,8.285724449934e-02,9.965614266236e-01,
1.347557444777e+01,-7.040859241385e-01,7.101147875027e-01,
7.331047530949e+00,2.871853976632e-01,9.578750165700e-01,
1.202725910800e+01,-5.041145384796e-01,8.636368056617e-01,
1.012098092318e+01,-1.944022912226e-01,9.809218873934e-01,
7.240183148427e-01,9.920265575937e-01,1.260290007452e-01,
1.350165635410e+01,-7.073111679524e-01,7.069023353264e-01,
1.126666194331e+01,-3.853685054343e-01,9.227627620463e-01,
5.298750574869e+00,6.019891639514e-01,7.985042557714e-01,
9.359525293269e+00,-6.270783084893e-02,9.980319273201e-01,
1.063577923994e+01,-2.816346905304e-01,9.595217043349e-01,
4.884135764827e+00,6.581461750693e-01,7.528901727621e-01,
1.055889255557e+01,-2.687336502195e-01,9.632145271121e-01,
1.067939387686e+01,-2.889305219867e-01,9.573500683995e-01,
1.114836975345e+01,-3.662364786007e-01,9.305218115349e-01,
6.367164435551e+00,4.435148071051e-01,8.962670449584e-01,
5.406992555705e+00,5.867974652158e-01,8.097337431627e-01,
1.032870477052e+01,-2.298297343110e-01,9.732308529976e-01,
1.692298926860e+01,-9.823848787010e-01,1.868688045118e-01,
8.275474849565e+00,1.261167544238e-01,9.920154052501e-01,
1.106131359607e+01,-3.520562455611e-01,9.359788458942e-01,
1.558489492506e+01,-9.124699910016e-01,4.091436367848e-01,
1.046168004027e+01,-2.523531013528e-01,9.676352165138e-01,
1.017999542706e+01,-2.044952705797e-01,9.788675519755e-01,
1.271976513064e+01,-6.045664626524e-01,7.965547013457e-01,
-1.737776645166e+00,9.543562990354e-01,-2.986704781049e-01,
1.054146125381e+01,-2.658019887528e-01,9.640276462711e-01,
5.515905671279e+00,5.713002111755e-01,8.207411703520e-01,
4.214603946583e+00,7.414368867125e-01,6.710226099187e-01,
1.359112796288e+01,-7.182632858749e-01,6.957714079813e-01,
1.081542890998e+01,-3.115769260635e-01,9.502209317547e-01,
8.765797713725e+00,4.086462812822e-02,9.991646922144e-01,
9.666461574418e+00,-1.160573607361e-01,9.932425126921e-01,
1.730396022053e+01,-9.926301492783e-01,1.211832774922e-01,
4.718613652747e+00,6.796188200268e-01,7.335654432056e-01,
1.128851578524e+01,-3.888853092182e-01,9.212861750153e-01,
1.248369053002e+01,-5.712423670638e-01,8.207814313637e-01,
6.745247891959e+00,3.834495657062e-01,9.235618174003e-01,
1.022914575915e+01,-2.128847131012e-01,9.770773249482e-01,
2.063294298480e+01,-8.962587296132e-01,-4.435316105896e-01,
4.076570120589e+00,7.573860751341e-01,6.529673293458e-01,
9.675867478709e+00,-1.176877502462e-01,9.930506499882e-01,
9.733255539953e-01,9.856055086785e-01,1.690614718453e-01,
1.278917863613e+01,-6.141720746077e-01,7.891721376050e-01,
5.333936349455e+00,5.970741680036e-01,8.021860369657e-01,
1.378718213838e+01,-7.416460289873e-01,6.707914487286e-01,
9.175315299775e+00,-3.059351768901e-02,9.995319087830e-01,
7.154180861160e+00,3.166125821843e-01,9.485549392643e-01,
5.303287013239e+00,6.013567533101e-01,7.989806350897e-01,
9.796009064978e+00,-1.384832964626e-01,9.903647694667e-01,
8.270841779458e+00,1.269188798535e-01,9.919130999925e-01,
1.562742677983e+01,-9.154819815739e-01,4.023589708376e-01,
2.038647097006e+00,9.373642703258e-01,3.483507208497e-01,
6.820268287729e+00,3.713243587552e-01,9.285032151776e-01,
1.452398725333e+01,-8.215461738253e-01,5.701419860639e-01,
1.141082899847e+01,-4.084625318274e-01,9.127750873535e-01,
5.586181357809e+00,5.611907546576e-01,8.276864967407e-01,
2.062496655662e+01,-8.968753231436e-01,-4.422834551913e-01,
1.139653390505e+01,-4.061839214696e-01,9.137913448592e-01,
5.853984087867e+00,5.219055512616e-01,8.530032799247e-01,
1.397196685189e+01,-7.628903150175e-01,6.465279323065e-01,
1.366803362522e+01,-7.275373439028e-01,6.860680820639e-01,
6.072088186478e+00,4.890645872462e-01,8.722475735144e-01,
9.697734430228e+00,-1.214768647432e-01,9.925942631973e-01,
1.553351561168e+01,-9.087644055411e-01,4.173095436502e-01,
7.184549380472e+00,3.115805264778e-01,9.502197511733e-01,
1.799005925269e+01,-9.999984949092e-01,1.734986836245e-03,
1.635951116901e+01,-9.592898824936e-01,2.824233017040e-01,
5.593004300483e+00,5.602047246120e-01,8.283541914679e-01,
3.860151705539e+00,7.815039533033e-01,6.239002892861e-01,
1.952583685473e+01,-9.647488955397e-01,-2.631721272380e-01,
1.375276497648e+01,-7.376032768873e-01,6.752343340835e-01,
5.451275103782e+00,5.805217618830e-01,8.142447322398e-01,
8.887173429543e+00,1.969067873908e-02,9.998061197906e-01,
7.846447623207e+00,1.999754559541e-01,9.798009068254e-01,
2.029551617522e+00,9.379160820586e-01,3.468622536625e-01,
1.309186362338e+01,-6.549866307291e-01,7.556404658078e-01,
3.615679619403e+00,8.074054281014e-01,5.899970124266e-01,
3.581775552671e+00,8.108825061090e-01,5.852089894101e-01,
8.611235048851e+00,6.780023156722e-02,9.976989168078e-01,
2.308967730612e+00,9.198921678079e-01,3.921713906007e-01,
1.373709471542e+01,-7.357537704828e-01,6.772491337908e-01,
1.121682801847e+01,-3.773281528995e-01,9.260796213228e-01,
3.072515650025e+00,8.596280278322e-01,5.109203986584e-01,
1.057488154018e+01,-2.714205509114e-01,9.624608483169e-01,
8.603642048553e+00,6.912235073569e-02,9.976081899367e-01,
8.651424659013e+00,6.080035152744e-02,9.981499472795e-01,
1.484290763864e+01,-8.519927361315e-01,5.235536052585e-01,
1.069865573584e+01,-2.921473300281e-01,9.563733254109e-01,
1.277426702962e+00,9.752487589341e-01,2.211105112778e-01,
1.455260053280e+01,-8.243831833938e-01,5.660321253582e-01,
5.018561853197e+00,6.403025215318e-01,7.681228293184e-01,
1.067047395262e+01,-2.874397502662e-01,9.577987210092e-01,
1.617181563501e+01,-9.495249304400e-01,3.136915785816e-01,
1.115917724785e+01,-3.679910354601e-01,9.298293380083e-01,
5.267817615478e+00,6.062913505207e-01,7.952426034134e-01,
1.218402576415e+01,-5.275528241093e-01,8.495222291231e-01,
6.312453315775e+00,4.520528140772e-01,8.919911733223e-01,
1.349699431642e+01,-7.067357422324e-01,7.074776255481e-01,
9.733645784765e+00,-1.276957346718e-01,9.918133893766e-01,
3.316694758395e+00,8.370800489164e-01,5.470804252631e-01,
1.704560545606e+01,-9.861587211510e-01,1.658040310061e-01,
6.409029796000e+00,4.369541065102e-01,8.994838013016e-01,
-1.498415154716e+00,9.659973806723e-01,-2.585518526994e-01,
1.246962344729e+01,-5.692254901996e-01,8.221814527871e-01,
1.106456619981e+01,-3.525875313082e-01,9.357788375284e-01,
1.204088308039e+01,-5.061666944127e-01,8.624356656977e-01,
1.468972203768e+01,-8.376922222752e-01,5.461426011031e-01,
1.511481026781e+01,-8.758699581982e-01,4.825472166803e-01,
1.329639581505e+01,-6.815381678862e-01,7.317825672386e-01,
1.021313684136e+01,-2.101538502802e-01,9.776683278149e-01,
1.004758622576e+01,-1.818212806781e-01,9.833315930512e-01,
1.117939732857e+01,-3.712701697787e-01,9.285248844444e-01,
8.677911989345e+00,5.618535965882e-02,9.984203550409e-01,
1.029369306482e+01,-2.238783630376e-01,9.746170933057e-01,
1.446026719006e+01,-8.151548087292e-01,5.792431594811e-01,
7.479134549385e+00,2.623349410312e-01,9.649768798858e-01,
2.193378871041e+01,-7.734212144876e-01,-6.338924395988e-01,
2.227567413891e+01,-7.342426370401e-01,-6.788871408064e-01,
1.394698866854e+01,-7.600645259674e-01,6.498476101103e-01,
2.192354351074e+00,9.276829104977e-01,3.733690099224e-01,
1.116862797895e+01,-3.695242539438e-01,9.292210855051e-01,
1.341441546436e+01,-6.964660095476e-01,7.175897836124e-01,
7.310402988739e+00,2.906348955839e-01,9.568340281726e-01,
3.533184164962e+00,8.158163245299e-01,5.783110967555e-01,
1.380330024078e+01,-7.435301218594e-01,6.687024434588e-01,
1.120854756026e+01,-3.759893773830e-01,9.266239734084e-01,
5.380845339507e+00,5.904866026092e-01,8.070474410709e-01,
1.544846773500e+01,-9.024701201944e-01,4.307524604183e-01,
9.983323032712e+00,-1.707809860197e-01,9.853090148852e-01,
8.947061819714e+00,9.239324002352e-03,9.999573165351e-01,
1.154955170063e+01,-4.304404745098e-01,9.026189660670e-01,
1.155844283049e+01,-4.318406351936e-01,9.019499242173e-01,
7.872767546601e+00,1.954724570611e-01,9.807091916213e-01,
1.197202785363e+01,-4.957660697366e-01,8.684561037254e-01,
1.828712998298e+01,-9.987445745215e-01,-5.009266277449e-02,
7.696542808823e-01,9.909912825527e-01,1.339263898735e-01,
1.273270819588e+01,-6.063643284902e-01,7.951869598621e-01,
1.235342385342e+01,-5.524351961827e-01,8.335558493698e-01,
1.522629951266e+00,9.648960445510e-01,2.626321062053e-01,
1.524972206924e+01,-8.869884336013e-01,4.617916398741e-01,
1.213061097764e+01,-5.196102247536e-01,8.544034259830e-01,
1.519614535181e+01,-8.826315499589e-01,4.700654709901e-01,
3.134169726968e+00,8.540805214472e-01,5.201408106316e-01,
1.191492579706e+01,-4.870863946157e-01,8.733537909578e-01,
9.630521780267e+00,-1.098248285095e-01,9.939509580673e-01,
1.270629654770e+01,-6.026923239670e-01,7.979736603619e-01,
5.856082659103e+00,5.215930869401e-01,8.531943809334e-01,
1.838978004131e+01,-9.976868892097e-01,-6.797698948216e-02,
1.025517095875e+01,-2.173206353148e-01,9.761002722397e-01,
1.816234684532e+01,-9.995985944337e-01,-2.833107845098e-02,
1.984027153484e+01,-9.488610514124e-01,-3.156940055062e-01,
6.408560305366e+00,4.370278101614e-01,8.994479935747e-01,
7.395844634233e+00,2.763344365249e-01,9.610615376710e-01,
6.528815590371e+00,4.180548702984e-01,9.084217772707e-01,
1.331055399889e+01,-6.833443706416e-01,7.300962067512e-01,
7.449201106202e+00,2.673727356266e-01,9.635931819204e-01,
6.076324999860e+00,4.884194584080e-01,8.726089803849e-01,
1.297885170414e+01,-6.399557107536e-01,7.684117960272e-01,
1.562742802125e+01,-9.154820687525e-01,4.023587724813e-01,
1.321136695783e+01,-6.706036198413e-01,7.418158700485e-01,
9.766860080563e+00,-1.334430873823e-01,9.910564779213e-01,
1.096872218463e+01,-3.368852824763e-01,9.415457006704e-01,
1.888715653113e+01,-9.880365236090e-01,-1.542200635930e-01,
9.271152230086e+00,-4.730732859470e-02,9.988803815579e-01,
8.661173033079e+00,5.910199980495e-02,9.982519489683e-01,
8.786755347437e+00,3.720962117394e-02,9.993074822556e-01,
1.782813966506e+01,-9.995501751072e-01,2.999078930569e-02,
1.819396148769e+01,-9.994270532280e-01,-3.384620031705e-02,
1.095153648078e+01,-3.340596320835e-01,9.425519413869e-01,
1.233158299885e+01,-5.492537184285e-01,8.356556424703e-01,
7.908423682328e+00,1.893655916575e-01,9.819066517222e-01,
7.647501536761e+00,2.338693572593e-01,9.722680308100e-01,
1.726833491712e+01,-9.918574742324e-01,1.273528594469e-01,
1.658044731515e+01,-9.694644983880e-01,2.452316993485e-01,
6.985301856750e+00,3.444296181140e-01,9.388121421061e-01,
3.601313497215e+00,8.088822242233e-01,5.879707027868e-01,
1.662490477868e+01,-9.713381195165e-01,2.377020352754e-01,
1.126450138744e+01,-3.850205151537e-01,9.229080143280e-01,
5.991684168109e+00,5.012564104779e-01,8.652987986556e-01,
6.350649999925e+00,4.460962831676e-01,8.949849753733e-01,
1.418827726906e+01,-7.867494601985e-01,6.172724575724e-01,
3.061541721759e+00,8.606050223654e-01,5.092730068239e-01,
1.130830339590e+01,-3.920647280495e-01,9.199376332227e-01,
3.013074382465e+00,8.648821949206e-01,5.019748887239e-01,
1.800211627252e+01,-9.999999317869e-01,-3.693592250361e-04,
7.890556230771e+00,1.924267011544e-01,9.813113495129e-01,
9.132209550377e+00,-2.307287190694e-02,9.997337858560e-01,
5.488506607269e+00,5.752184801253e-01,8.179998167007e-01,
7.836386924228e+00,2.016956019469e-01,9.794482549657e-01,
7.363326440191e-01,9.917533979960e-01,1.281608269458e-01,
1.206677943129e+01,-5.100595183823e-01,8.601391095094e-01,
4.646235995940e+00,6.888309564752e-01,7.249220050470e-01,
8.501727819521e+00,8.685532492621e-02,9.962209356021e-01,
1.006618190915e+01,-1.850117781745e-01,9.827363033575e-01,
1.312882753046e+01,-6.598479195539e-01,7.513991769096e-01,
4.834754842843e+00,6.646105080763e-01,7.471899842440e-01,
1.658994769004e+01,-9.698697910855e-01,2.436238665234e-01,
2.546232267254e+00,9.028681904408e-01,4.299174696266e-01,
1.056490846692e+01,-2.697448526947e-01,9.629318327092e-01,
7.039052809774e+00,3.356073022233e-01,9.420019844429e-01,
1.349424747429e+01,-7.063964860723e-01,7.078163635186e-01,
1.373741438815e+01,-7.357915553807e-01,6.772080825200e-01,
4.902262811613e+00,6.557609165081e-01,7.549686221165e-01,
1.198253737664e+01,-4.973582072171e-01,8.675452804977e-01,
1.534916994229e+01,-8.948697104627e-01,4.463274597159e-01,
5.376435520017e+00,5.911075787337e-01,8.065927289305e-01,
1.096073636667e+01,-3.355726404190e-01,9.420143326947e-01,
1.822172397822e+00,9.498535599149e-01,3.126950826556e-01,
4.503621024302e+00,7.066597570292e-01,7.075535229192e-01,
6.805509087260e+00,3.737149172439e-01,9.275436165644e-01,
1.224614731950e+01,-5.367323739835e-01,8.437525459031e-01,
1.549635883978e+01,-9.060390291465e-01,4.231941370853e-01,
2.278948362473e+00,9.219342627530e-01,3.873463762088e-01,
5.039138453420e+00,6.375398432659e-01,7.704173857387e-01,
1.556478128224e+01,-9.110280756785e-01,4.123443285962e-01,
1.202866174434e+01,-5.043259470365e-01,8.635133694076e-01,
2.199203488119e+00,9.272359224976e-01,3.744776949700e-01,
9.591063980573e+00,-1.029772509706e-01,9.946837114292e-01,
1.224055499792e+01,-5.359085786361e-01,8.442760184585e-01,
1.065094758222e+01,-2.841739145465e-01,9.587727500776e-01,
5.339531395899e+00,5.962905328795e-01,8.027687091550e-01,
-1.036431571318e+00,9.836837088686e-01,-1.799065338074e-01,
1.664559205657e+01,-9.721900358407e-01,2.341933692744e-01,
3.605581736332e+00,8.084439920689e-01,5.885731149889e-01,
6.105361943589e+00,4.839909077252e-01,8.750730262323e-01,
4.938243121740e+00,6.510070043842e-01,7.590717227263e-01,
9.901942645515e+00,-1.567693373093e-01,9.876352438424e-01,
1.389509543512e+01,-7.541477119711e-01,6.567048260282e-01,
7.839927540129e+00,2.010903094588e-01,9.795727065623e-01,
1.182644119251e+01,-4.735412275405e-01,8.807716536194e-01,
7.781560767240e+00,2.110585353755e-01,9.774734240096e-01,
4.007316535665e+00,7.652229941701e-01,6.437653059877e-01,
1.194183537282e+01,-4.911828069463e-01,8.710565137581e-01,
3.583603415695e+00,8.106957701419e-01,5.854676492121e-01,
1.636515886881e+01,-9.595678037647e-01,2.814775834381e-01,
1.182018592678e+01,-4.725793632211e-01,8.812881171657e-01,
1.648617364327e+01,-9.652984441122e-01,2.611492174881e-01,
1.219242206242e+01,-5.287971729908e-01,8.487482252335e-01,
9.050735461341e+00,-8.854892757704e-03,9.999607946686e-01,
1.674651013611e+01,-9.761639934898e-01,2.170342318944e-01,
-1.902980904463e+00,9.453490656085e-01,-3.260600315174e-01,
-5.618729284877e+00,5.564798989055e-01,-8.308610726915e-01,
1.005292483440e+01,-1.827374335964e-01,9.831617518815e-01,
2.749465254154e+00,8.870539246624e-01,4.616658258318e-01,
1.070678459124e+01,-2.935038929871e-01,9.559578781523e-01,
2.369794986844e+00,9.156769750662e-01,4.019150125756e-01,
8.935641654998e+00,1.123241400722e-02,9.999369144479e-01,
1.042749719519e+01,-2.465757019315e-01,9.691235335173e-01,
1.845749395283e+01,-9.968138611357e-01,-7.976293780723e-02,
1.207201203786e+01,-5.108448380423e-01,8.596729328329e-01,
1.818767813263e+01,-9.994635697568e-01,-3.275015616897e-02,
1.708235339962e+01,-9.872018523138e-01,1.594757122205e-01,
1.228630582271e+01,-5.426329875035e-01,8.399699047424e-01,
1.293120400368e+01,-6.335434720958e-01,7.737070950720e-01,
8.436324882506e+00,9.822124736364e-02,9.951646027499e-01,
1.015190746509e+01,-1.996941554486e-01,9.798582776502e-01,
8.867296223675e+00,2.315910755812e-02,9.997317919008e-01,
2.117489497204e+01,-8.503618707944e-01,-5.261983358954e-01,
1.923681035134e+01,-9.767916698659e-01,-2.141915817221e-01,
1.304299076634e+01,-6.485173259955e-01,7.611998935126e-01,
-1.898884658320e+00,9.455819340333e-01,-3.253840900074e-01,
2.249744922726e+00,9.238965684259e-01,3.826423014393e-01,
1.330329081579e+01,-6.824183047208e-01,7.309618713599e-01,
3.220811630146e+00,8.461176724182e-01,5.329961392183e-01,
1.345975158649e+01,-7.021221814943e-01,7.120564881058e-01,
1.542704915616e+01,-9.008535589842e-01,4.341230992074e-01,
1.583034150677e+01,-9.291546083342e-01,3.696913764362e-01,
7.291365245960e+00,2.938125701728e-01,9.558630517017e-01,
4.255764797172e+00,7.365972207380e-01,6.763316748468e-01,
9.117247770418e-01,9.873661516288e-01,1.584553016398e-01,
9.000932058447e+00,-1.626748864943e-04,9.999999867684e-01,
1.413108322768e+01,-7.805486010762e-01,6.250950978515e-01,
1.111875369743e+01,-3.614217616784e-01,9.324024400361e-01,
1.529116605191e+01,-8.903054961466e-01,4.553637266308e-01,
1.128518703655e+01,-3.883499982339e-01,9.215119526473e-01,
3.982357957357e+00,7.680200270297e-01,6.404258255890e-01,
9.374371856255e+00,-6.529373180208e-02,9.978660875024e-01,
1.013941295223e+01,-1.975569015762e-01,9.802914212823e-01,
9.100379321875e+00,-1.751860047221e-02,9.998465375434e-01,
3.293258482089e+00,8.393108187195e-01,5.436518643217e-01,
1.103536493460e+01,-3.478136989074e-01,9.375636676260e-01,
2.744044298292e+00,8.874903258916e-01,4.608263463050e-01,
7.638857022454e+00,2.353360022152e-01,9.719140733940e-01,
1.428666024577e+01,-7.972321851762e-01,6.036727945826e-01,
1.573626331163e+01,-9.229593929348e-01,3.848973356540e-01,
7.764566392263e+00,2.139568651146e-01,9.768431091380e-01,
4.766741182268e+00,6.734330853384e-01,7.392481853692e-01,
6.485639136164e+00,4.248885411928e-01,9.052456724907e-01,
1.361650126994e+01,-7.213374407639e-01,6.925837830561e-01,
5.375484331727e+00,5.912414760103e-01,8.064945858746e-01,
4.491219410527e+00,7.081895929525e-01,7.060223087366e-01,
5.525449093824e+00,5.699323587955e-01,8.216916127099e-01,
1.421646342414e+01,-7.897765456536e-01,6.133946592003e-01,
5.501694210983e+00,5.733341916248e-01,8.193216125027e-01,
7.799462357243e+00,2.080034757157e-01,9.781280867505e-01,
8.180318758360e+00,1.425738684432e-01,9.897841643698e-01,
8.903533462666e+00,1.683579150964e-02,9.998582680181e-01,
1.563321191284e+01,-9.158877751628e-01,4.014344072289e-01,
1.073238465367e+01,-2.977722203093e-01,9.546369492179e-01,
9.437531629329e+00,-7.628947877651e-02,9.970857111743e-01,
1.090699074469e+01,-3.267215533478e-01,9.451206412824e-01,
9.937647674724e+00,-1.629209031859e-01,9.866391332727e-01,
1.785773521938e+01,-9.996917541604e-01,2.482733702544e-02,
7.735873737722e-01,9.908991147390e-01,1.346066284009e-01,
3.081748407896e+00,8.588036046305e-01,5.123049567138e-01,
1.667562893216e+01,-9.734044117786e-01,2.290935423142e-01,
1.340541088260e+01,-6.953373886767e-01,7.186834601605e-01,
1.128919906314e+01,-3.889951739662e-01,9.212397921448e-01,
5.778687370681e+00,5.330701224301e-01,8.460710635475e-01,
1.322965973006e+01,-6.729685868837e-01,7.396710627487e-01,
1.114425133337e+01,-3.655675250574e-01,9.307848218699e-01,
1.294568167065e+01,-6.354964734344e-01,7.721037703913e-01,
1.227222924754e+01,-5.405676921481e-01,8.413005231222e-01,
1.307199198373e+01,-6.523619425135e-01,7.579075774525e-01,
1.036420112473e+01,-2.358547252527e-01,9.717883249844e-01,
4.235523689144e+00,7.389819231353e-01,6.737252535561e-01,
1.001473717173e+01,-1.761806458457e-01,9.843578516116e-01,
8.985564942282e+00,2.519390183705e-03,9.999968263315e-01,
1.266732408759e+01,-5.972506246676e-01,8.020546685446e-01,
6.155774185242e+00,4.762728590094e-01,8.792975399550e-01,
1.475894085503e+01,-8.442288604555e-01,5.359828646273e-01,
8.073525986036e+00,1.609964788842e-01,9.869549806282e-01,
6.813881065705e+00,3.723592051309e-01,9.280886931508e-01,
1.192894397551e+01,-4.892217114400e-01,8.721594562095e-01,
7.176552358704e+00,3.129064856904e-01,9.497839392266e-01,
1.545198653669e+01,-9.027344952071e-01,4.301981301251e-01,
1.446961994468e+01,-8.160992577364e-01,5.779117592869e-01,
1.416242338915e+01,-7.839561086269e-01,6.208162528047e-01,
1.080619098344e+01,-3.100444593044e-01,9.507220588872e-01,
-3.472241628695e-01,9.981642577712e-01,-6.056496105846e-02,
4.801583441800e+00,6.689252032764e-01,7.433297198563e-01,
1.223918579087e+01,-5.357068052506e-01,8.444040613404e-01,
8.457889024695e+00,9.447510649168e-02,9.955272242653e-01,
1.272566245902e+01,-6.053860184732e-01,7.959320125722e-01,
1.701557482004e+01,-9.852761450575e-01,1.709705178697e-01,
-1.632473192002e+00,9.596840518123e-01,-2.810809860113e-01,
5.978579702686e+00,5.032341750825e-01,8.641500824678e-01,
8.623567424407e+00,6.565262345513e-02,9.978425391982e-01,
2.051640879589e+01,-9.050937460888e-01,-4.252120774283e-01,
1.509346385023e+01,-8.740660802710e-01,4.858070474167e-01,
8.856829304605e+00,2.498539993276e-02,9.996878161657e-01,
4.625615747541e+00,6.914354206203e-01,7.224382735650e-01,
2.590589454688e+01,-1.897990038836e-01,-9.818229667943e-01,
1.243186510535e+01,-5.637949324866e-01,8.259148104390e-01,
8.198515431836e+00,1.394296807077e-01,9.902319749118e-01,
1.044967586158e+01,-2.503252328052e-01,9.681618035334e-01,
8.520594793558e+00,8.357439590204e-02,9.965015405656e-01,
1.055683387785e+01,-2.683875431150e-01,9.633110228274e-01,
1.021035593806e+01,-2.096793052401e-01,9.777702127566e-01,
7.939764956639e+00,1.839916732234e-01,9.829278021220e-01,
9.689909305173e+00,-1.201211242319e-01,9.927592434791e-01,
8.877866967463e+00,2.131462118360e-02,9.997728176560e-01,
8.413827319792e+00,1.021280590667e-01,9.947712599142e-01,
1.650227595676e+01,-9.660285606107e-01,2.584353305652e-01,
2.014902729632e+01,-9.304797750540e-01,-3.663432655522e-01,
1.260055638227e+01,-5.878638107546e-01,8.089599124834e-01,
1.224883605869e+01,-5.371282655938e-01,8.435005787195e-01,
1.077497192950e+01,-3.048596330216e-01,9.523972932311e-01,
2.074987543779e+00,9.351359799198e-01,3.542890049936e-01,
1.503419845324e+01,-8.689943376188e-01,4.948220298111e-01,
5.796711519691e+00,5.304059125076e-01,8.477438103443e-01,
1.318047069411e+01,-6.665937100612e-01,7.454212404452e-01,
6.194577957648e+00,4.703069077514e-01,8.825029249364e-01,
9.943216713693e+00,-1.638798202332e-01,9.864803112685e-01,
1.936483001037e+01,-9.717624314211e-01,-2.359613885334e-01,
7.616309386334e-01,9.911778529835e-01,1.325385368673e-01,
1.448657960194e+01,-8.178063095805e-01,5.754935620929e-01,
2.026994794902e+00,9.380707758531e-01,3.464436743401e-01,
1.384396216752e+01,-7.482570356813e-01,6.634089301128e-01,
8.846906557441e+00,2.671666703227e-02,9.996430461433e-01,
3.466448361690e+00,8.224967668063e-01,5.687697852323e-01,
1.124492924675e+01,-3.818656368396e-01,9.242178506181e-01,
1.120951734361e+01,-3.761462115593e-01,9.265603205024e-01,
1.113074746569e+01,-3.633727733719e-01,9.316438308560e-01,
1.897778380696e+01,-9.854736615720e-01,-1.698283319939e-01,
1.253222132867e+01,-5.781739934028e-01,8.159134962438e-01,
7.172689713549e+00,3.135467196962e-01,9.495727747612e-01,
2.309797331814e+00,9.198353746012e-01,3.923045801825e-01,
1.258553331636e+01,-5.857406836307e-01,8.104985203810e-01,
1.007412424392e+01,-1.863738679864e-01,9.824788961254e-01,
1.068855296402e+01,-2.904605358708e-01,9.568869719573e-01,
1.412254187346e+01,-7.796158751263e-01,6.262580037421e-01,
1.857026235217e+00,9.479338285646e-01,3.184673557257e-01,
1.148417443286e+01,-4.201133559246e-01,9.074716349142e-01,
5.602238228275e+00,5.588690018204e-01,8.292559549405e-01,
7.455326279022e+00,2.663424592114e-01,9.638784645489e-01,
2.016001496788e+00,9.387337676197e-01,3.446431684082e-01,
1.391596550562e+01,-7.565347605250e-01,6.539534816158e-01,
5.055347584155e+00,6.353577633465e-01,7.722179177896e-01,
1.608232633612e+01,-9.445098195669e-01,3.284831818248e-01,
6.475981410046e+00,4.264138110004e-01,9.045281984483e-01,
1.107447417621e+01,-3.542052158146e-01,9.351677202993e-01,
1.048073316741e+01,-2.555694723562e-01,9.667906933766e-01,
1.342209153486e+01,-6.974267586632e-01,7.166560655576e-01,
1.448146929735e+01,-8.172926922089e-01,5.762227479560e-01,
1.233048514672e+01,-5.490935872461e-01,8.357608703722e-01,
1.152467243104e+01,-4.265170300848e-01,9.044795315803e-01,
1.138849633191e+01,-4.049016363972e-01,9.143602489407e-01,
1.344103533077e+01,-6.997924338086e-01,7.143462392876e-01,
9.427307367617e+00,-7.451008841250e-02,9.972202598848e-01,
1.477009380936e+01,-8.452705819645e-01,5.343385099967e-01,
9.798840290621e+00,-1.389726604558e-01,9.902962181316e-01,
8.449841566772e+00,9.587327699484e-02,9.953935476776e-01,
1.760911954899e+01,-9.976738153035e-01,6.816860170034e-02,
1.317153659969e+01,-6.654305695613e-01,7.464597491448e-01,
2.447474911056e+01,-4.266083441976e-01,-9.044364657957e-01,
-3.502241756791e-01,9.981324090705e-01,-6.108759254720e-02,
1.032640229674e+01,-2.294386156620e-01,9.733231332107e-01,
3.666022879250e+00,8.021902856854e-01,5.970684596861e-01,
2.639233523117e+00,8.957712334968e-01,4.445153509607e-01,
1.111847184005e+01,-3.613758932014e-01,9.324202184707e-01,
1.962246117230e+01,-9.601737548927e-01,-2.794035798183e-01,
6.808351676376e+00,3.732546933278e-01,9.277289118642e-01,
1.566109937486e+01,-9.178308123787e-01,3.969717872195e-01,
1.701656725245e+00,9.562201758004e-01,2.926482109842e-01,
3.306754180943e+00,8.380279501956e-01,5.456273038357e-01,
1.324578641249e+01,-6.750478240310e-01,7.377739730236e-01,
1.357504342617e+01,-7.163072321649e-01,6.977850307568e-01,
1.045714880838e+01,-2.515877690216e-01,9.678344871303e-01,
9.145988133306e+00,-2.547697906041e-02,9.996754090893e-01,
9.342930893633e+00,-5.981700283963e-02,9.982093598896e-01,
1.005235903835e+01,-1.826403454435e-01,9.831797924166e-01,
-1.840722564250e+00,9.488361972038e-01,-3.157686983787e-01,
7.442418176602e+00,2.685132925319e-01,9.632759790079e-01,
9.731731389027e+00,-1.273643378139e-01,9.918560003616e-01,
1.541691767202e+00,9.640169516984e-01,2.658407734682e-01,
1.241590266224e+01,-5.614917720332e-01,8.274823200160e-01,
5.232156684727e+00,6.112291704469e-01,7.914536633277e-01,
1.658742894877e+01,-9.697625995235e-01,2.440502009124e-01,
1.064483804932e+00,9.827910930794e-01,1.847205114865e-01,
1.048357085652e+01,-2.560482635938e-01,9.666639988696e-01,
1.133776840579e+01,-3.967904073314e-01,9.179092398760e-01,
1.242305519814e+01,-5.625243243023e-01,8.267807354845e-01,
1.208806242098e+01,-5.132510497455e-01,8.582385215866e-01,
1.187850503530e+01,-4.815250112739e-01,8.764323496526e-01,
1.315360843991e+01,-6.630916027760e-01,7.485382597623e-01,
1.603958746608e+01,-9.420332975802e-01,3.355193977255e-01,
9.134787013871e+00,-2.352260204335e-02,9.997233053166e-01,
7.555968557258e+00,2.493713395421e-01,9.684079383271e-01,
1.554591807538e+00,9.634159731656e-01,2.680105644362e-01,
7.793708596550e+00,2.089856271260e-01,9.779187121917e-01,
1.301997548456e+01,-6.454544196247e-01,7.637987903807e-01,
7.538110007681e+00,2.523885587682e-01,9.676259687518e-01,
1.146866017779e+01,-4.176546140189e-01,9.086058680136e-01,
9.302471385389e+00,-5.276669834830e-02,9.986068673634e-01,
1.773561282810e+01,-9.989355422334e-01,4.612789246045e-02,
1.801283772615e+01,-9.999974898437e-01,-2.240604023111e-03,
4.891823946585e+00,6.571353240736e-01,7.537726221180e-01,
4.613828189640e+00,6.929202408176e-01,7.210142438713e-01,
1.755039271848e+00,9.534521054859e-01,3.015444951321e-01,
1.247421928764e+01,-5.698847996836e-01,8.217245980799e-01,
1.849469938180e+01,-9.962749023752e-01,-8.623409359041e-02,
1.876861775372e+00,9.468256306113e-01,3.217471448474e-01,
6.780621283700e+00,3.777403883190e-01,9.259115503290e-01,
8.919719256487e+00,1.401117453269e-02,9.999018386763e-01,
8.761427186292e+00,4.162677992944e-02,9.991332299512e-01,
1.224102999460e+01,-5.359785694377e-01,8.442315873642e-01,
9.159954619647e+00,-2.791372144497e-02,9.996103361586e-01,
7.393748584726e+00,2.766860028336e-01,9.609603820324e-01,
7.746749450099e+00,2.169934591209e-01,9.761730577611e-01,
1.897645375663e+01,-9.855130585563e-01,-1.695995619543e-01,
1.350986854209e+01,-7.083236422088e-01,7.058878224534e-01,
8.993120085878e+00,1.200771248278e-03,9.999992790739e-01,
4.845785002758e+00,6.631708424833e-01,7.484680578889e-01,
2.077018099412e+00,9.350103615933e-01,3.546203938202e-01,
5.108136638005e+00,6.282161231317e-01,7.780388824714e-01,
7.089421858230e-01,9.923547406984e-01,1.234182669361e-01,
4.776585093795e+00,6.721619995800e-01,7.404041101457e-01,
8.799145175371e+00,3.504860047097e-02,9.993856090644e-01,
1.228739740263e+01,-5.427930058957e-01,8.398665088874e-01,
1.076302723010e+01,-3.028734680749e-01,9.530307772241e-01,
5.712384995289e+00,5.428249025657e-01,8.398458936939e-01,
3.641553538124e+00,8.047328660650e-01,5.936371065515e-01,
8.368438748038e+00,1.100051513072e-01,9.939310170660e-01,
1.374641827252e+01,-7.368548614947e-01,6.760509693001e-01,
2.954176906582e+00,8.699964841166e-01,4.930579252225e-01,
1.389162983159e+01,-7.537503582969e-01,6.571608611043e-01,
1.175208041025e+01,-4.620706564994e-01,8.868431137480e-01,
5.609844407280e+00,5.577676486313e-01,8.299971386338e-01,
1.465373820234e+01,-8.342457499882e-01,5.513928079206e-01,
1.388159999192e+01,-7.525988194245e-01,6.584793216197e-01,
8.950592789805e+00,8.623078052649e-03,9.999628205713e-01,
1.173603548654e+00,9.790950763449e-01,2.034031255344e-01,
8.254382009999e+00,1.297678921095e-01,9.915443984903e-01,
9.265191195850e+00,-4.626807128381e-02,9.989290593329e-01,
1.517453325306e+01,-8.808521773804e-01,4.733914253599e-01,
6.340867782194e+00,4.476236571746e-01,8.942220426368e-01,
8.479133532406e+00,9.078318389405e-02,9.958706811238e-01,
9.509521517189e+00,-8.881111616650e-02,9.960484855896e-01,
1.073058812113e+01,-2.974728753665e-01,9.547302699827e-01,
9.251711913867e+00,-4.391788637135e-02,9.990351441549e-01,
7.336592873251e+00,2.862581889348e-01,9.581525187922e-01,
1.086383167587e+01,-3.195930614608e-01,9.475548929039e-01,
1.192032907248e+01,-4.879097937254e-01,8.728940561069e-01,
1.180160975649e+01,-4.697196132439e-01,8.828156573906e-01,
9.082505021669e+00,-1.439934513299e-02,9.998963240555e-01,
1.530232241394e+01,-8.911904704520e-01,4.536293039206e-01,
1.591832018284e+01,-9.347215247528e-01,3.553810225151e-01,
6.475705109458e+00,4.264574300652e-01,9.045076342089e-01,
1.565140525776e+01,-9.171578454925e-01,3.985241353437e-01,
7.333820761749e+00,2.867217332953e-01,9.580139078616e-01,
4.947118873377e+00,6.498303374525e-01,7.600792935782e-01,
1.366404563853e+01,-7.270596403227e-01,6.865743072777e-01,
1.516934449586e+01,-8.804231087112e-01,4.741889387653e-01,
3.792973753530e+00,7.887651535514e-01,6.146946661092e-01,
4.320977001448e+00,7.288518885903e-01,6.846713989194e-01,
9.055067621393e+00,-9.610965077497e-03,9.999538136085e-01,
8.517444532818e+00,8.412228392625e-02,9.964554387162e-01,
1.206646081753e+01,-5.100116864693e-01,8.601674718709e-01,
9.042423091065e+00,-7.404158526650e-03,9.999725888426e-01,
1.377838545772e+01,-7.406152822036e-01,6.719293145611e-01,
1.663210175265e+01,-9.716359327915e-01,2.364817415962e-01,
4.591591985879e+00,6.957132355016e-01,7.183196321610e-01,
1.388412810575e+01,-7.528892929772e-01,6.581471815030e-01,
1.775922603536e+01,-9.991171643231e-01,4.201061716921e-02,
-1.416677271997e+00,9.695874468616e-01,-2.447451386411e-01,
1.182471646350e+01,-4.732760744457e-01,8.809141600391e-01,
9.290543183861e+00,-5.068762190802e-02,9.987145563099e-01,
9.989855197280e+00,-1.719042037119e-01,9.851136709772e-01,
1.468131880988e+01,-8.368903270651e-01,5.473706061389e-01,
5.663516846438e+00,5.499682022113e-01,8.351855940786e-01,
1.044681161869e+01,-2.498412129203e-01,9.682868213120e-01,
1.492284275760e+01,-8.592138437203e-01,5.116166247879e-01,
1.594323087460e+01,-9.362577882987e-01,3.513137541429e-01,
3.069992800216e-01,9.985648557778e-01,5.355584753809e-02,
5.493838181788e+00,5.744570534934e-01,8.185347235712e-01,
1.255116518961e+01,-5.808685054502e-01,8.139974074750e-01,
5.140584952381e+00,6.237998053368e-01,7.815841623663e-01,
9.856676103229e+00,-1.489617116405e-01,9.888429645121e-01,
1.251411337988e+01,-5.755924700388e-01,8.177366987207e-01,
1.184655461438e+01,-4.766302120872e-01,8.791038851727e-01,
1.525705503318e+01,-8.875787280930e-01,4.606560554652e-01,
5.489736741927e+00,5.750428431263e-01,8.181232966792e-01,
1.374691572975e+01,-7.369135552646e-01,6.759869910489e-01,
1.316754364868e+01,-6.649101991539e-01,7.469233073490e-01,
1.375081787560e+01,-7.373737672473e-01,6.754849571793e-01,
1.056153665214e+01,-2.691781276669e-01,9.630904088328e-01,
4.879998240242e+00,6.586896912121e-01,7.524147065886e-01,
1.533086223301e+01,-8.934389953513e-01,4.491845518110e-01,
8.959910270285e+00,6.996920705098e-03,9.999755212507e-01,
9.064021237858e+00,-1.117358140358e-02,9.999375735908e-01,
1.548169206974e+01,-9.049527549484e-01,4.255120577743e-01,
1.833284697810e+01,-9.983130902985e-01,-5.806008731153e-02,
1.889970819317e+01,-9.876963065058e-01,-1.563841619693e-01,
1.613192362651e+00,9.606244929643e-01,2.778499298490e-01,
1.146124545127e+01,-4.164784251259e-01,9.091455996729e-01,
1.221808797877e+01,-5.325938627261e-01,8.463709454999e-01,
1.161475337369e+01,-4.406840402023e-01,8.976622843314e-01,
3.789928516022e+00,7.890917487845e-01,6.142753551952e-01,
1.109493643233e+01,-3.575427493415e-01,9.338967728788e-01,
1.311082838696e+01,-6.574841897206e-01,7.534683405874e-01,
-4.289120326356e-01,9.971993529674e-01,-7.478937385318e-02,
1.027611134048e+01,-2.208866136343e-01,9.752994944719e-01,
4.644308785223e+00,6.890747535191e-01,7.246902676748e-01,
5.695831224920e-01,9.950627937182e-01,9.924735038094e-02,
1.631733633470e+01,-9.571850239834e-01,2.894768209406e-01,
8.037458754279e+00,1.672060501554e-01,9.859219729732e-01,
7.752668587658e+00,2.159848743551e-01,9.763967093604e-01,
9.230985764762e+00,-4.030370174218e-02,9.991874757151e-01,
9.006734913419e+00,-1.175463869290e-03,9.999993091421e-01,
1.540489712670e+01,-8.991683980923e-01,4.376027786385e-01,
8.434837272102e+00,9.847962559748e-02,9.951390673379e-01,
1.820569348966e+01,-9.993556539255e-01,-3.589257537735e-02,
1.028398294849e+01,-2.222263246183e-01,9.749951080117e-01,
1.449540895250e+01,-8.186921809038e-01,5.742326296258e-01,
9.645097676152e+00,-1.123530555423e-01,9.936683505629e-01,
